USE hoteldb;

insert into Floor (Floor_number) values (1);
insert into Floor (Floor_number) values (2);
insert into Floor (Floor_number) values (3);
insert into Floor (Floor_number) values (4);
insert into Floor (Floor_number) values (5);
insert into Floor (Floor_number) values (6);
insert into Floor (Floor_number) values (7);
insert into Floor (Floor_number) values (8);
insert into Floor (Floor_number) values (9);
insert into Floor (Floor_number) values (10);
insert into Floor (Floor_number) values (11);
insert into Floor (Floor_number) values (12);

insert into Room (Room_number, Room_type, Occupancy,  Daily_room_cost, Floor_number) values (1, 'Twin', 20, 100, 3);
insert into Room (Room_number, Room_type, Occupancy,  Daily_room_cost, Floor_number) values (2, 'Twin', 20, 100, 1);
insert into Room (Room_number, Room_type, Occupancy,  Daily_room_cost, Floor_number) values (3, 'Twin', 20, 100, 4);
insert into Room (Room_number, Room_type, Occupancy,  Daily_room_cost, Floor_number) values (4, 'Twin', 20, 100, 8);
insert into Room (Room_number, Room_type, Occupancy,  Daily_room_cost, Floor_number) values (5, 'Standard Suite', 20, 100, 3);
insert into Room (Room_number, Room_type, Occupancy,  Daily_room_cost, Floor_number) values (6, 'King', 20, 100, 10);
insert into Room (Room_number, Room_type, Occupancy,  Daily_room_cost, Floor_number) values (7, 'Queen', 20, 100, 6);
insert into Room (Room_number, Room_type, Occupancy,  Daily_room_cost, Floor_number) values (8, 'Standard Suite', 20, 100, 10);
insert into Room (Room_number, Room_type, Occupancy,  Daily_room_cost, Floor_number) values (9, 'Queen', 20, 100, 5);
insert into Room (Room_number, Room_type, Occupancy,  Daily_room_cost, Floor_number) values (10, 'Twin', 20, 100, 7);
insert into Room (Room_number, Room_type, Occupancy,  Daily_room_cost, Floor_number) values (11, 'Standard Suite', 20, 100, 8);
insert into Room (Room_number, Room_type, Occupancy,  Daily_room_cost, Floor_number) values (12, 'King', 20, 100, 3);
insert into Room (Room_number, Room_type, Occupancy,  Daily_room_cost, Floor_number) values (13, 'Queen', 20, 100, 9);
insert into Room (Room_number, Room_type, Occupancy,  Daily_room_cost, Floor_number) values (14, 'Twin', 20, 100, 3);
insert into Room (Room_number, Room_type, Occupancy,  Daily_room_cost, Floor_number) values (15, 'Twin', 20, 100, 2);
insert into Room (Room_number, Room_type, Occupancy,  Daily_room_cost, Floor_number) values (16, 'King', 20, 100, 8);
insert into Room (Room_number, Room_type, Occupancy,  Daily_room_cost, Floor_number) values (17, 'Queen', 20, 100, 8);
insert into Room (Room_number, Room_type, Occupancy,  Daily_room_cost, Floor_number) values (18, 'Queen', 20, 100, 3);
insert into Room (Room_number, Room_type, Occupancy,  Daily_room_cost, Floor_number) values (19, 'Queen', 20, 100, 7);
insert into Room (Room_number, Room_type, Occupancy,  Daily_room_cost, Floor_number) values (20, 'King', 20, 100, 8);
insert into Room (Room_number, Room_type, Occupancy,  Daily_room_cost, Floor_number) values (21, 'Twin', 20, 100, 3);
insert into Room (Room_number, Room_type, Occupancy,  Daily_room_cost, Floor_number) values (22, 'King', 20, 100, 1);
insert into Room (Room_number, Room_type, Occupancy,  Daily_room_cost, Floor_number) values (23, 'Standard Suite', 20, 100, 12);
insert into Room (Room_number, Room_type, Occupancy,  Daily_room_cost, Floor_number) values (24, 'King', 20, 100, 5);
insert into Room (Room_number, Room_type, Occupancy,  Daily_room_cost, Floor_number) values (25, 'Twin', 20, 100, 12);
insert into Room (Room_number, Room_type, Occupancy,  Daily_room_cost, Floor_number) values (26, 'Standard Suite', 20, 100, 12);
insert into Room (Room_number, Room_type, Occupancy,  Daily_room_cost, Floor_number) values (27, 'Queen', 20, 100, 2);
insert into Room (Room_number, Room_type, Occupancy,  Daily_room_cost, Floor_number) values (28, 'Twin', 20, 100, 7);
insert into Room (Room_number, Room_type, Occupancy,  Daily_room_cost, Floor_number) values (29, 'Standard Suite', 20, 100, 4);
insert into Room (Room_number, Room_type, Occupancy,  Daily_room_cost, Floor_number) values (30, 'King', 20, 100, 10);
insert into Room (Room_number, Room_type, Occupancy,  Daily_room_cost, Floor_number) values (31, 'Queen', 20, 100, 8);
insert into Room (Room_number, Room_type, Occupancy,  Daily_room_cost, Floor_number) values (32, 'King', 20, 100, 11);
insert into Room (Room_number, Room_type, Occupancy,  Daily_room_cost, Floor_number) values (33, 'Twin', 20, 100, 1);
insert into Room (Room_number, Room_type, Occupancy,  Daily_room_cost, Floor_number) values (34, 'King', 20, 100, 5);
insert into Room (Room_number, Room_type, Occupancy,  Daily_room_cost, Floor_number) values (35, 'Twin', 20, 100, 12);
insert into Room (Room_number, Room_type, Occupancy,  Daily_room_cost, Floor_number) values (36, 'King', 20, 100, 4);
insert into Room (Room_number, Room_type, Occupancy,  Daily_room_cost, Floor_number) values (37, 'Twin', 20, 100, 5);
insert into Room (Room_number, Room_type, Occupancy,  Daily_room_cost, Floor_number) values (38, 'King', 20, 100, 8);
insert into Room (Room_number, Room_type, Occupancy,  Daily_room_cost, Floor_number) values (39, 'Standard Suite', 20, 100, 10);
insert into Room (Room_number, Room_type, Occupancy,  Daily_room_cost, Floor_number) values (40, 'King', 20, 100, 5);
insert into Room (Room_number, Room_type, Occupancy,  Daily_room_cost, Floor_number) values (41, 'King', 20, 100, 11);
insert into Room (Room_number, Room_type, Occupancy,  Daily_room_cost, Floor_number) values (42, 'Twin', 20, 100, 8);
insert into Room (Room_number, Room_type, Occupancy,  Daily_room_cost, Floor_number) values (43, 'Standard Suite', 20, 100, 6);
insert into Room (Room_number, Room_type, Occupancy,  Daily_room_cost, Floor_number) values (44, 'Twin', 20, 100, 9);
insert into Room (Room_number, Room_type, Occupancy,  Daily_room_cost, Floor_number) values (45, 'Standard Suite', 20, 100, 2);
insert into Room (Room_number, Room_type, Occupancy,  Daily_room_cost, Floor_number) values (46, 'Queen', 20, 100, 2);
insert into Room (Room_number, Room_type, Occupancy,  Daily_room_cost, Floor_number) values (47, 'King', 20, 100, 10);
insert into Room (Room_number, Room_type, Occupancy,  Daily_room_cost, Floor_number) values (48, 'Standard Suite', 20, 100, 5);
insert into Room (Room_number, Room_type, Occupancy,  Daily_room_cost, Floor_number) values (49, 'Queen', 20, 100, 8);
insert into Room (Room_number, Room_type, Occupancy,  Daily_room_cost, Floor_number) values (50, 'Queen', 20, 100, 11);
insert into Room (Room_number, Room_type, Occupancy,  Daily_room_cost, Floor_number) values (51, 'Standard Suite', 20, 100, 8);
insert into Room (Room_number, Room_type, Occupancy,  Daily_room_cost, Floor_number) values (52, 'Twin', 20, 100, 1);
insert into Room (Room_number, Room_type, Occupancy,  Daily_room_cost, Floor_number) values (53, 'Standard Suite', 20, 100, 5);
insert into Room (Room_number, Room_type, Occupancy,  Daily_room_cost, Floor_number) values (54, 'Twin', 20, 100, 10);
insert into Room (Room_number, Room_type, Occupancy,  Daily_room_cost, Floor_number) values (55, 'King', 20, 100, 4);
insert into Room (Room_number, Room_type, Occupancy,  Daily_room_cost, Floor_number) values (56, 'Twin', 20, 100, 2);
insert into Room (Room_number, Room_type, Occupancy,  Daily_room_cost, Floor_number) values (57, 'King', 20, 100, 6);
insert into Room (Room_number, Room_type, Occupancy,  Daily_room_cost, Floor_number) values (58, 'Twin', 20, 100, 10);
insert into Room (Room_number, Room_type, Occupancy,  Daily_room_cost, Floor_number) values (59, 'King', 20, 100, 9);
insert into Room (Room_number, Room_type, Occupancy,  Daily_room_cost, Floor_number) values (60, 'Twin', 20, 100, 9);
insert into Room (Room_number, Room_type, Occupancy,  Daily_room_cost, Floor_number) values (61, 'Twin', 20, 100, 5);
insert into Room (Room_number, Room_type, Occupancy,  Daily_room_cost, Floor_number) values (62, 'Queen', 20, 100, 6);
insert into Room (Room_number, Room_type, Occupancy,  Daily_room_cost, Floor_number) values (63, 'King', 20, 100, 11);
insert into Room (Room_number, Room_type, Occupancy,  Daily_room_cost, Floor_number) values (64, 'Standard Suite', 20, 100, 5);
insert into Room (Room_number, Room_type, Occupancy,  Daily_room_cost, Floor_number) values (65, 'Queen', 20, 100, 1);
insert into Room (Room_number, Room_type, Occupancy,  Daily_room_cost, Floor_number) values (66, 'Queen', 20, 100, 1);
insert into Room (Room_number, Room_type, Occupancy,  Daily_room_cost, Floor_number) values (67, 'Twin', 20, 100, 1);
insert into Room (Room_number, Room_type, Occupancy,  Daily_room_cost, Floor_number) values (68, 'Queen', 20, 100, 12);
insert into Room (Room_number, Room_type, Occupancy,  Daily_room_cost, Floor_number) values (69, 'Queen', 20, 100, 10);
insert into Room (Room_number, Room_type, Occupancy,  Daily_room_cost, Floor_number) values (70, 'Queen', 20, 100, 5);
insert into Room (Room_number, Room_type, Occupancy,  Daily_room_cost, Floor_number) values (71, 'Twin', 20, 100, 12);
insert into Room (Room_number, Room_type, Occupancy,  Daily_room_cost, Floor_number) values (72, 'Twin', 20, 100, 10);
insert into Room (Room_number, Room_type, Occupancy,  Daily_room_cost, Floor_number) values (73, 'Queen', 20, 100, 4);
insert into Room (Room_number, Room_type, Occupancy,  Daily_room_cost, Floor_number) values (74, 'Standard Suite', 20, 100, 1);
insert into Room (Room_number, Room_type, Occupancy,  Daily_room_cost, Floor_number) values (75, 'Queen', 20, 100, 4);
insert into Room (Room_number, Room_type, Occupancy,  Daily_room_cost, Floor_number) values (76, 'Standard Suite', 20, 100, 10);
insert into Room (Room_number, Room_type, Occupancy,  Daily_room_cost, Floor_number) values (77, 'Twin', 20, 100, 5);
insert into Room (Room_number, Room_type, Occupancy,  Daily_room_cost, Floor_number) values (78, 'Standard Suite', 20, 100, 10);
insert into Room (Room_number, Room_type, Occupancy,  Daily_room_cost, Floor_number) values (79, 'Twin', 20, 100, 3);
insert into Room (Room_number, Room_type, Occupancy,  Daily_room_cost, Floor_number) values (80, 'Queen', 20, 100, 4);
insert into Room (Room_number, Room_type, Occupancy,  Daily_room_cost, Floor_number) values (81, 'Queen', 20, 100, 6);
insert into Room (Room_number, Room_type, Occupancy,  Daily_room_cost, Floor_number) values (82, 'Twin', 20, 100, 7);
insert into Room (Room_number, Room_type, Occupancy,  Daily_room_cost, Floor_number) values (83, 'Standard Suite', 20, 100, 6);
insert into Room (Room_number, Room_type, Occupancy,  Daily_room_cost, Floor_number) values (84, 'Twin', 20, 100, 3);
insert into Room (Room_number, Room_type, Occupancy,  Daily_room_cost, Floor_number) values (85, 'King', 20, 100, 12);
insert into Room (Room_number, Room_type, Occupancy,  Daily_room_cost, Floor_number) values (86, 'Twin', 20, 100, 7);
insert into Room (Room_number, Room_type, Occupancy,  Daily_room_cost, Floor_number) values (87, 'Queen', 20, 100, 4);
insert into Room (Room_number, Room_type, Occupancy,  Daily_room_cost, Floor_number) values (88, 'King', 20, 100, 12);
insert into Room (Room_number, Room_type, Occupancy,  Daily_room_cost, Floor_number) values (89, 'Queen', 20, 100, 10);
insert into Room (Room_number, Room_type, Occupancy,  Daily_room_cost, Floor_number) values (90, 'Twin', 20, 100, 2);
insert into Room (Room_number, Room_type, Occupancy,  Daily_room_cost, Floor_number) values (91, 'Standard Suite', 20, 100, 3);
insert into Room (Room_number, Room_type, Occupancy,  Daily_room_cost, Floor_number) values (92, 'Standard Suite', 20, 100, 3);
insert into Room (Room_number, Room_type, Occupancy,  Daily_room_cost, Floor_number) values (93, 'King', 20, 100, 12);
insert into Room (Room_number, Room_type, Occupancy,  Daily_room_cost, Floor_number) values (94, 'King', 20, 100, 6);
insert into Room (Room_number, Room_type, Occupancy,  Daily_room_cost, Floor_number) values (95, 'Standard Suite', 20, 100, 1);
insert into Room (Room_number, Room_type, Occupancy,  Daily_room_cost, Floor_number) values (96, 'Queen', 20, 100, 1);
insert into Room (Room_number, Room_type, Occupancy,  Daily_room_cost, Floor_number) values (97, 'Queen', 20, 100, 9);
insert into Room (Room_number, Room_type, Occupancy,  Daily_room_cost, Floor_number) values (98, 'Twin', 20, 100, 10);
insert into Room (Room_number, Room_type, Occupancy,  Daily_room_cost, Floor_number) values (99, 'Standard Suite', 20, 100, 5);
insert into Room (Room_number, Room_type, Occupancy,  Daily_room_cost, Floor_number) values (100, 'Queen', 20, 100, 5);

insert into Room (Room_number, Room_type, Occupancy,  Daily_room_cost, Floor_number) values (101, 'Presidential Suite', 40, 200, 6);
insert into Room (Room_number, Room_type, Occupancy,  Daily_room_cost, Floor_number) values (102, 'Presidential Suite', 40, 200, 4);
insert into Room (Room_number, Room_type, Occupancy,  Daily_room_cost, Floor_number) values (103, 'Presidential Suite', 40, 200, 7);
insert into Room (Room_number, Room_type, Occupancy,  Daily_room_cost, Floor_number) values (104, 'Presidential Suite', 40, 200, 10);
insert into Room (Room_number, Room_type, Occupancy,  Daily_room_cost, Floor_number) values (105, 'Presidential Suite', 40, 200, 11);
insert into Room (Room_number, Room_type, Occupancy,  Daily_room_cost, Floor_number) values (106, 'Presidential Suite', 40, 200, 7);
insert into Room (Room_number, Room_type, Occupancy,  Daily_room_cost, Floor_number) values (107, 'Presidential Suite', 40, 200, 8);
insert into Room (Room_number, Room_type, Occupancy,  Daily_room_cost, Floor_number) values (108, 'Presidential Suite', 40, 200, 12);
insert into Room (Room_number, Room_type, Occupancy,  Daily_room_cost, Floor_number) values (109, 'Presidential Suite', 40, 200, 9);
insert into Room (Room_number, Room_type, Occupancy,  Daily_room_cost, Floor_number) values (110, 'Presidential Suite', 40, 200, 11);
insert into Room (Room_number, Room_type, Occupancy,  Daily_room_cost, Floor_number) values (111, 'Presidential Suite', 40, 200, 2);
insert into Room (Room_number, Room_type, Occupancy,  Daily_room_cost, Floor_number) values (112, 'Presidential Suite', 40, 200, 8);
insert into Room (Room_number, Room_type, Occupancy,  Daily_room_cost, Floor_number) values (113, 'Presidential Suite', 40, 200, 7);
insert into Room (Room_number, Room_type, Occupancy,  Daily_room_cost, Floor_number) values (114, 'Presidential Suite', 40, 200, 7);
insert into Room (Room_number, Room_type, Occupancy,  Daily_room_cost, Floor_number) values (115, 'Presidential Suite', 40, 200, 10);
insert into Room (Room_number, Room_type, Occupancy,  Daily_room_cost, Floor_number) values (116, 'Presidential Suite', 40, 200, 4);
insert into Room (Room_number, Room_type, Occupancy,  Daily_room_cost, Floor_number) values (117, 'Presidential Suite', 40, 200, 12);
insert into Room (Room_number, Room_type, Occupancy,  Daily_room_cost, Floor_number) values (118, 'Presidential Suite', 40, 200, 4);
insert into Room (Room_number, Room_type, Occupancy,  Daily_room_cost, Floor_number) values (119, 'Presidential Suite', 40, 200, 3);
insert into Room (Room_number, Room_type, Occupancy,  Daily_room_cost, Floor_number) values (120, 'Presidential Suite', 40, 200, 5);

insert into Employee (Name, Gender, Phone_number, Date_of_birth, Email, Address ) values ('Deirdre Hardaway', 'Female', '5883166677', '1995-04-27', 'dhardaway0@geocities.jp', '4 Cody Way');
insert into Employee (Name, Gender, Phone_number, Date_of_birth, Email, Address ) values ('Jonas Jollie', 'Male', '2252403516', '1974-12-16', 'jjollie1@geocities.jp', '1 Hanover Road');
insert into Employee (Name, Gender, Phone_number, Date_of_birth, Email, Address ) values ('Bary Keese', 'Male', '7599157154', '1970-05-25', 'bkeese2@prweb.com', '7 Clove Lane');
insert into Employee (Name, Gender, Phone_number, Date_of_birth, Email, Address ) values ('Loydie Dallin', 'Male', '8542098045', '2002-07-15', 'ldallin3@digg.com', '46614 Dennis Road');
insert into Employee (Name, Gender, Phone_number, Date_of_birth, Email, Address ) values ('Maximo Klimpt', 'Male', '5756538300', '1991-12-14', 'mklimpt4@illinois.edu', '5 Crownhardt Pass');
insert into Employee (Name, Gender, Phone_number, Date_of_birth, Email, Address ) values ('Randall Twigg', 'Male', '5771746445', '2000-07-23', 'rtwigg5@bandcamp.com', '8 Helena Drive');
insert into Employee (Name, Gender, Phone_number, Date_of_birth, Email, Address ) values ('Glad Wardesworth', 'Female', '1426689355', '1998-06-20', 'gwardesworth6@businessweek.com', '2 Pankratz Parkway');
insert into Employee (Name, Gender, Phone_number, Date_of_birth, Email, Address ) values ('Cristiano Schoenrock', 'Male', '4024295480', '1977-06-30', 'cschoenrock7@tinyurl.com', '70773 Londonderry Drive');
insert into Employee (Name, Gender, Phone_number, Date_of_birth, Email, Address ) values ('Nolan Opdenorth', 'Male', '3134839150', '1976-12-03', 'nopdenorth8@apache.org', '794 Nova Circle');
insert into Employee (Name, Gender, Phone_number, Date_of_birth, Email, Address ) values ('Tammie Mussared', 'Male', '7635575175', '1993-08-17', 'tmussared9@msn.com', '76738 Buhler Park');
insert into Employee (Name, Gender, Phone_number, Date_of_birth, Email, Address ) values ('Abey Maddicks', 'Male', '1665402619', '1988-06-17', 'amaddicksa@com.com', '40 Sachtjen Trail');
insert into Employee (Name, Gender, Phone_number, Date_of_birth, Email, Address ) values ('Mildred Bilton', 'Female', '9789174628', '1973-09-30', 'mbiltonb@vinaora.com', '3747 Northview Way');
insert into Employee (Name, Gender, Phone_number, Date_of_birth, Email, Address ) values ('Bobbie Hirthe', 'Male', '6655303830', '1994-04-24', 'bhirthec@techcrunch.com', '51 Arizona Way');
insert into Employee (Name, Gender, Phone_number, Date_of_birth, Email, Address ) values ('Chrissie Veljes', 'Female', '7641344245', '1980-09-23', 'cveljesd@hhs.gov', '03967 Quincy Court');
insert into Employee (Name, Gender, Phone_number, Date_of_birth, Email, Address ) values ('Knox MacCaghan', 'Male', '4411946609', '1978-05-23', 'kmaccaghane@networkadvertising.org', '7898 Warbler Drive');
insert into Employee (Name, Gender, Phone_number, Date_of_birth, Email, Address ) values ('Ebeneser Nuttey', 'Male', '1597145538', '1974-06-19', 'enutteyf@china.com.cn', '83 Coolidge Avenue');
insert into Employee (Name, Gender, Phone_number, Date_of_birth, Email, Address ) values ('Melony Vickerstaff', 'Female', '9903385863', '2004-01-06', 'mvickerstaffg@ameblo.jp', '2 Spaight Place');
insert into Employee (Name, Gender, Phone_number, Date_of_birth, Email, Address ) values ('Nydia Nichols', 'Female', '5658949601', '1971-02-08', 'nnicholsh@mail.ru', '086 Sunbrook Alley');
insert into Employee (Name, Gender, Phone_number, Date_of_birth, Email, Address ) values ('Paco Radcliffe', 'Male', '7452015968', '1983-05-09', 'pradcliffei@netvibes.com', '0641 Straubel Parkway');
insert into Employee (Name, Gender, Phone_number, Date_of_birth, Email, Address ) values ('Alessandro Crame', 'Male', '1884106113', '1977-01-08', 'acramej@webmd.com', '97 1st Hill');
insert into Employee (Name, Gender, Phone_number, Date_of_birth, Email, Address ) values ('Anthiathia Plom', 'Female', '7166507391', '1991-07-15', 'aplomk@mtv.com', '061 Annamark Trail');
insert into Employee (Name, Gender, Phone_number, Date_of_birth, Email, Address ) values ('Lilli MacCafferky', 'Female', '7776112996', '1977-04-20', 'lmaccafferkyl@berkeley.edu', '4 Dakota Court');
insert into Employee (Name, Gender, Phone_number, Date_of_birth, Email, Address ) values ('Crosby Phillps', 'Male', '5171641919', '1978-07-08', 'cphillpsm@123-reg.co.uk', '4 Lawn Park');
insert into Employee (Name, Gender, Phone_number, Date_of_birth, Email, Address ) values ('Claudette Grabbam', 'Female', '1615007179', '2004-02-08', 'cgrabbamn@yellowpages.com', '244 Paget Trail');
insert into Employee (Name, Gender, Phone_number, Date_of_birth, Email, Address ) values ('Ferrel Di Gregorio', 'Male', '7871308549', '1986-05-29', 'fdio@yale.edu', '7 Buhler Hill');
insert into Employee (Name, Gender, Phone_number, Date_of_birth, Email, Address ) values ('Deb Stubbe', 'Female', '5009587199', '1978-10-21', 'dstubbep@ning.com', '7 Huxley Court');
insert into Employee (Name, Gender, Phone_number, Date_of_birth, Email, Address ) values ('Mamie Tutill', 'Female', '5955348979', '1990-01-03', 'mtutillq@virginia.edu', '680 Moulton Trail');
insert into Employee (Name, Gender, Phone_number, Date_of_birth, Email, Address ) values ('Evvy Ricoald', 'Female', '8204158135', '1992-08-24', 'ericoaldr@networksolutions.com', '6082 4th Center');
insert into Employee (Name, Gender, Phone_number, Date_of_birth, Email, Address ) values ('Cullen Osbaldeston', 'Male', '1224077534', '1999-10-08', 'cosbaldestons@posterous.com', '1850 Union Drive');
insert into Employee (Name, Gender, Phone_number, Date_of_birth, Email, Address ) values ('Conrade Berryman', 'Male', '1615426878', '1986-02-23', 'cberrymant@columbia.edu', '838 South Hill');
insert into Employee (Name, Gender, Phone_number, Date_of_birth, Email, Address ) values ('Khalil Nestor', 'Male', '8261116788', '1978-03-24', 'knestoru@state.tx.us', '75 Victoria Hill');
insert into Employee (Name, Gender, Phone_number, Date_of_birth, Email, Address ) values ('Dominique Harvett', 'Male', '2982013697', '1989-01-17', 'dharvettv@163.com', '6 Kenwood Plaza');
insert into Employee (Name, Gender, Phone_number, Date_of_birth, Email, Address ) values ('Sutherland Sambidge', 'Male', '5835626014', '1978-05-25', 'ssambidgew@nature.com', '28 Westend Drive');
insert into Employee (Name, Gender, Phone_number, Date_of_birth, Email, Address ) values ('Ailene Isakowicz', 'Female', '7378712447', '1981-12-31', 'aisakowiczx@shop-pro.jp', '2 Canary Plaza');
insert into Employee (Name, Gender, Phone_number, Date_of_birth, Email, Address ) values ('Aileen Mowle', 'Female', '6197753851', '1994-01-28', 'amowley@reference.com', '30031 Mcbride Park');
insert into Employee (Name, Gender, Phone_number, Date_of_birth, Email, Address ) values ('Marris Klaessen', 'Female', '5564480131', '1976-05-23', 'mklaessenz@purevolume.com', '8 Kensington Pass');
insert into Employee (Name, Gender, Phone_number, Date_of_birth, Email, Address ) values ('Nelia Bernardeau', 'Female', '5242917320', '2001-01-29', 'nbernardeau10@ebay.co.uk', '2 Marcy Crossing');
insert into Employee (Name, Gender, Phone_number, Date_of_birth, Email, Address ) values ('Garrott Tickel', 'Male', '7798367346', '1979-10-17', 'gtickel11@vimeo.com', '082 Anthes Center');
insert into Employee (Name, Gender, Phone_number, Date_of_birth, Email, Address ) values ('Dirk Olesen', 'Male', '8385470969', '1994-07-09', 'dolesen12@harvard.edu', '464 Crest Line Lane');
insert into Employee (Name, Gender, Phone_number, Date_of_birth, Email, Address ) values ('Hermy Worsnop', 'Male', '1702689534', '1992-01-28', 'hworsnop13@wordpress.com', '8 Bartelt Avenue');
insert into Employee (Name, Gender, Phone_number, Date_of_birth, Email, Address ) values ('Belinda Malter', 'Female', '9445030664', '2004-09-25', 'bmalter14@instagram.com', '86290 Old Shore Court');
insert into Employee (Name, Gender, Phone_number, Date_of_birth, Email, Address ) values ('Jonah Thames', 'Male', '8884341231', '1982-11-22', 'jthames15@icio.us', '65183 Jana Place');
insert into Employee (Name, Gender, Phone_number, Date_of_birth, Email, Address ) values ('Madonna Kleisel', 'Female', '5482618888', '1977-01-13', 'mkleisel16@miibeian.gov.cn', '624 Oriole Lane');
insert into Employee (Name, Gender, Phone_number, Date_of_birth, Email, Address ) values ('Weider Moulds', 'Male', '4324869552', '1994-06-24', 'wmoulds17@unesco.org', '097 Cordelia Trail');
insert into Employee (Name, Gender, Phone_number, Date_of_birth, Email, Address ) values ('Lorrin Edmonstone', 'Female', '7908492830', '1988-10-27', 'ledmonstone18@dailymotion.com', '93835 Rigney Crossing');
insert into Employee (Name, Gender, Phone_number, Date_of_birth, Email, Address ) values ('Carroll McDonagh', 'Male', '4246694855', '2002-02-08', 'cmcdonagh19@sphinn.com', '70 Iowa Hill');
insert into Employee (Name, Gender, Phone_number, Date_of_birth, Email, Address ) values ('Emmet Lascell', 'Male', '1508697725', '1973-10-17', 'elascell1a@cornell.edu', '79424 Bonner Circle');
insert into Employee (Name, Gender, Phone_number, Date_of_birth, Email, Address ) values ('Deni Nealy', 'Female', '7261978213', '1971-12-07', 'dnealy1b@de.vu', '8 Merrick Junction');
insert into Employee (Name, Gender, Phone_number, Date_of_birth, Email, Address ) values ('Jaynell Foulcher', 'Female', '9197705166', '1979-04-24', 'jfoulcher1c@yandex.ru', '99965 Shasta Court');
insert into Employee (Name, Gender, Phone_number, Date_of_birth, Email, Address ) values ('Vito Easum', 'Male', '1448105331', '1981-08-23', 'veasum1d@nytimes.com', '69 Lighthouse Bay Alley');
insert into Employee (Name, Gender, Phone_number, Date_of_birth, Email, Address ) values ('Barrett Iglesia', 'Male', '9287678259', '1991-04-06', 'biglesia1e@tinypic.com', '441 Northfield Pass');
insert into Employee (Name, Gender, Phone_number, Date_of_birth, Email, Address ) values ('Gretta Althrope', 'Female', '7929639311', '2000-08-23', 'galthrope1f@plala.or.jp', '3 Transport Hill');
insert into Employee (Name, Gender, Phone_number, Date_of_birth, Email, Address ) values ('Ashlan Froom', 'Female', '6161601225', '1971-11-24', 'afroom1g@narod.ru', '47 Homewood Hill');
insert into Employee (Name, Gender, Phone_number, Date_of_birth, Email, Address ) values ('Laurie Callander', 'Male', '9776076007', '1985-10-26', 'lcallander1h@hc360.com', '0638 Merry Hill');
insert into Employee (Name, Gender, Phone_number, Date_of_birth, Email, Address ) values ('Byrann Kembery', 'Male', '1293798833', '1972-06-01', 'bkembery1i@adobe.com', '877 Fulton Park');
insert into Employee (Name, Gender, Phone_number, Date_of_birth, Email, Address ) values ('Francisco de Grey', 'Male', '6066228537', '1971-04-06', 'fde1j@unblog.fr', '6 Tennyson Pass');
insert into Employee (Name, Gender, Phone_number, Date_of_birth, Email, Address ) values ('Con Matczak', 'Male', '2057818685', '1995-07-17', 'cmatczak1k@cnn.com', '1016 Derek Place');
insert into Employee (Name, Gender, Phone_number, Date_of_birth, Email, Address ) values ('Thorvald Johanchon', 'Male', '8684085208', '1973-07-24', 'tjohanchon1l@tamu.edu', '151 Forest Run Park');
insert into Employee (Name, Gender, Phone_number, Date_of_birth, Email, Address ) values ('Jeri Surgenor', 'Female', '8794808805', '1993-07-05', 'jsurgenor1m@pinterest.com', '13263 Maple Avenue');
insert into Employee (Name, Gender, Phone_number, Date_of_birth, Email, Address ) values ('Vaclav Cowterd', 'Male', '4021598361', '1993-03-31', 'vcowterd1n@mtv.com', '09 Hanover Center');
insert into Employee (Name, Gender, Phone_number, Date_of_birth, Email, Address ) values ('Talbot Oldroyd', 'Male', '6009691282', '1979-05-06', 'toldroyd1o@webnode.com', '71665 Manitowish Junction');
insert into Employee (Name, Gender, Phone_number, Date_of_birth, Email, Address ) values ('Ring Lempel', 'Male', '6374398711', '1987-06-05', 'rlempel1p@sciencedaily.com', '6 Clove Park');
insert into Employee (Name, Gender, Phone_number, Date_of_birth, Email, Address ) values ('Jeremie Stapley', 'Male', '6002978023', '1974-06-20', 'jstapley1q@ocn.ne.jp', '3 School Lane');
insert into Employee (Name, Gender, Phone_number, Date_of_birth, Email, Address ) values ('Becki Mars', 'Female', '8245301000', '2000-12-30', 'bmars1r@dot.gov', '35150 Northwestern Hill');
insert into Employee (Name, Gender, Phone_number, Date_of_birth, Email, Address ) values ('Marianne Ottawell', 'Female', '4765476694', '1996-06-27', 'mottawell1s@yellowpages.com', '9 Nova Place');
insert into Employee (Name, Gender, Phone_number, Date_of_birth, Email, Address ) values ('Candida Chern', 'Female', '9325466504', '1977-10-28', 'cchern1t@bloglovin.com', '7353 Spenser Way');
insert into Employee (Name, Gender, Phone_number, Date_of_birth, Email, Address ) values ('Boycie Dennington', 'Male', '8721756772', '1990-09-07', 'bdennington1u@fotki.com', '5 Straubel Pass');
insert into Employee (Name, Gender, Phone_number, Date_of_birth, Email, Address ) values ('Robbin Naerup', 'Female', '9334036189', '1978-02-15', 'rnaerup1v@dailymail.co.uk', '9237 6th Parkway');
insert into Employee (Name, Gender, Phone_number, Date_of_birth, Email, Address ) values ('Kira Darkins', 'Female', '8884776018', '1992-03-03', 'kdarkins1w@usgs.gov', '7797 Mesta Street');
insert into Employee (Name, Gender, Phone_number, Date_of_birth, Email, Address ) values ('Beatrisa Duckett', 'Female', '2105809545', '1994-12-07', 'bduckett1x@cocolog-nifty.com', '15 Washington Street');
insert into Employee (Name, Gender, Phone_number, Date_of_birth, Email, Address ) values ('Pip Marquez', 'Male', '7193722755', '1974-11-09', 'pmarquez1y@hatena.ne.jp', '0305 Meadow Valley Lane');
insert into Employee (Name, Gender, Phone_number, Date_of_birth, Email, Address ) values ('Janean Baldacchi', 'Female', '9752030345', '1986-12-28', 'jbaldacchi1z@github.com', '424 Fairfield Terrace');
insert into Employee (Name, Gender, Phone_number, Date_of_birth, Email, Address ) values ('Nikki Wilbraham', 'Female', '4871206891', '1976-11-13', 'nwilbraham20@bloglines.com', '6477 Warner Park');
insert into Employee (Name, Gender, Phone_number, Date_of_birth, Email, Address ) values ('Fidel Maffucci', 'Male', '4049494311', '1971-12-26', 'fmaffucci21@51.la', '98424 Sheridan Terrace');
insert into Employee (Name, Gender, Phone_number, Date_of_birth, Email, Address ) values ('Adolpho Britto', 'Male', '7298783066', '1986-07-26', 'abritto22@accuweather.com', '0196 Warner Junction');
insert into Employee (Name, Gender, Phone_number, Date_of_birth, Email, Address ) values ('Karl Tully', 'Male', '1765460933', '1981-06-14', 'ktully23@4shared.com', '54313 Leroy Place');
insert into Employee (Name, Gender, Phone_number, Date_of_birth, Email, Address ) values ('Ulises Lill', 'Male', '3505715529', '1998-09-03', 'ulill24@google.ru', '34726 4th Center');
insert into Employee (Name, Gender, Phone_number, Date_of_birth, Email, Address ) values ('Cindy Lumox', 'Female', '4293339512', '1987-10-27', 'clumox25@rakuten.co.jp', '383 Donald Way');
insert into Employee (Name, Gender, Phone_number, Date_of_birth, Email, Address ) values ('Tammie Gilligan', 'Male', '4807370687', '1991-02-11', 'tgilligan26@amazon.co.jp', '2 Coleman Park');
insert into Employee (Name, Gender, Phone_number, Date_of_birth, Email, Address ) values ('Trudy Louth', 'Female', '4479356016', '1997-10-29', 'tlouth27@google.cn', '817 Hanson Lane');

insert into ROOM_SERVICE_STAFF (Employee_id, Assigned_room, Request_details) values (1, 111, 'Donec posuere metus vitae ipsum.');
insert into ROOM_SERVICE_STAFF (Employee_id, Assigned_room, Request_details) values (2, 2, 'In tempor, turpis nec euismod scelerisque, quam turpis adipiscing lorem, vitae mattis nibh ligula nec sem.');
insert into ROOM_SERVICE_STAFF (Employee_id, Assigned_room, Request_details) values (3, 59, 'Ut tellus.');
insert into ROOM_SERVICE_STAFF (Employee_id, Assigned_room, Request_details) values (4, 31, 'Sed vel enim sit amet nunc viverra dapibus.');
insert into ROOM_SERVICE_STAFF (Employee_id, Assigned_room, Request_details) values (5, 78, 'Morbi non quam nec dui luctus rutrum.');
insert into ROOM_SERVICE_STAFF (Employee_id, Assigned_room, Request_details) values (6, 113, 'Praesent lectus.');
insert into ROOM_SERVICE_STAFF (Employee_id, Assigned_room, Request_details) values (7, 86, 'Donec ut mauris eget massa tempor convallis.');
insert into ROOM_SERVICE_STAFF (Employee_id, Assigned_room, Request_details) values (8, 11, 'Duis aliquam convallis nunc.');
insert into ROOM_SERVICE_STAFF (Employee_id, Assigned_room, Request_details) values (9, 100, 'Duis consequat dui nec nisi volutpat eleifend.');
insert into ROOM_SERVICE_STAFF (Employee_id, Assigned_room, Request_details) values (10, 81, 'Quisque id justo sit amet sapien dignissim vestibulum.');
insert into ROOM_SERVICE_STAFF (Employee_id, Assigned_room, Request_details) values (11, 52, 'Maecenas tristique, est et tempus semper, est quam pharetra magna, ac consequat metus sapien ut nunc.');
insert into ROOM_SERVICE_STAFF (Employee_id, Assigned_room, Request_details) values (12, 102, 'Donec vitae nisi.');
insert into ROOM_SERVICE_STAFF (Employee_id, Assigned_room, Request_details) values (13, 120, 'Nullam orci pede, venenatis non, sodales sed, tincidunt eu, felis.');
insert into ROOM_SERVICE_STAFF (Employee_id, Assigned_room, Request_details) values (14, 59, 'Aenean sit amet justo.');
insert into ROOM_SERVICE_STAFF (Employee_id, Assigned_room, Request_details) values (15, 119, 'Pellentesque viverra pede ac diam.');
insert into ROOM_SERVICE_STAFF (Employee_id, Assigned_room, Request_details) values (16, 3, 'Maecenas leo odio, condimentum id, luctus nec, molestie sed, justo.');
insert into ROOM_SERVICE_STAFF (Employee_id, Assigned_room, Request_details) values (17, 53, 'Maecenas pulvinar lobortis est.');
insert into ROOM_SERVICE_STAFF (Employee_id, Assigned_room, Request_details) values (18, 108, 'Vivamus vestibulum sagittis sapien.');
insert into ROOM_SERVICE_STAFF (Employee_id, Assigned_room, Request_details) values (19, 88, 'Maecenas rhoncus aliquam lacus.');
insert into ROOM_SERVICE_STAFF (Employee_id, Assigned_room, Request_details) values (20, 27, 'In congue.');

insert into HOUSEKEEPING_STAFF (Employee_id, Current_floor, Requested_room) values (20, 2, 56);
insert into HOUSEKEEPING_STAFF (Employee_id, Current_floor, Requested_room) values (21, 8, 76);
insert into HOUSEKEEPING_STAFF (Employee_id, Current_floor, Requested_room) values (22, 3, 21);
insert into HOUSEKEEPING_STAFF (Employee_id, Current_floor, Requested_room) values (23, 7, 108);
insert into HOUSEKEEPING_STAFF (Employee_id, Current_floor, Requested_room) values (24, 6, 93);
insert into HOUSEKEEPING_STAFF (Employee_id, Current_floor, Requested_room) values (25, 6, 79);
insert into HOUSEKEEPING_STAFF (Employee_id, Current_floor, Requested_room) values (26, 12, 14);
insert into HOUSEKEEPING_STAFF (Employee_id, Current_floor, Requested_room) values (27, 2, 45);
insert into HOUSEKEEPING_STAFF (Employee_id, Current_floor, Requested_room) values (28, 12, 20);
insert into HOUSEKEEPING_STAFF (Employee_id, Current_floor, Requested_room) values (29, 8, 73);
insert into HOUSEKEEPING_STAFF (Employee_id, Current_floor, Requested_room) values (30, 1, 29);
insert into HOUSEKEEPING_STAFF (Employee_id, Current_floor, Requested_room) values (31, 8, 97);
insert into HOUSEKEEPING_STAFF (Employee_id, Current_floor, Requested_room) values (32, 4, 77);
insert into HOUSEKEEPING_STAFF (Employee_id, Current_floor, Requested_room) values (33, 3, 66);
insert into HOUSEKEEPING_STAFF (Employee_id, Current_floor, Requested_room) values (34, 1, 43);
insert into HOUSEKEEPING_STAFF (Employee_id, Current_floor, Requested_room) values (35, 4, 100);
insert into HOUSEKEEPING_STAFF (Employee_id, Current_floor, Requested_room) values (36, 8, 70);
insert into HOUSEKEEPING_STAFF (Employee_id, Current_floor, Requested_room) values (37, 3, 109);
insert into HOUSEKEEPING_STAFF (Employee_id, Current_floor, Requested_room) values (38, 7, 66);
insert into HOUSEKEEPING_STAFF (Employee_id, Current_floor, Requested_room) values (39, 12, 91);
insert into HOUSEKEEPING_STAFF (Employee_id, Current_floor, Requested_room) values (40, 9, 79);

insert into MANAGER (Manager_id, Employee_id) values (3, 43);
insert into MANAGER (Manager_id, Employee_id) values (9, 31);
insert into MANAGER (Manager_id, Employee_id) values (3, 25);
insert into MANAGER (Manager_id, Employee_id) values (3, 57);
insert into MANAGER (Manager_id, Employee_id) values (4, 32);
insert into MANAGER (Manager_id, Employee_id) values (7, 78);
insert into MANAGER (Manager_id, Employee_id) values (2, 22);
insert into MANAGER (Manager_id, Employee_id) values (9, 37);
insert into MANAGER (Manager_id, Employee_id) values (5, 24);
insert into MANAGER (Manager_id, Employee_id) values (5, 80);


insert into Guest (Name, Date_of_birth, Email, Address) values ('Marius Fricke', '1998-02-23', 'mfricke0@ed.gov', '24 Doe Crossing Place');
insert into Guest (Name, Date_of_birth, Email, Address) values ('Marcellus Hurnell', '1983-03-19', 'mhurnell1@tinyurl.com', '502 Bluejay Way');
insert into Guest (Name, Date_of_birth, Email, Address) values ('Gerrard Dainty', '1979-07-19', 'gdainty2@xinhuanet.com', '962 Washington Point');
insert into Guest (Name, Date_of_birth, Email, Address) values ('Hyacinthia Whipple', '2005-12-20', 'hwhipple3@flavors.me', '005 Maywood Terrace');
insert into Guest (Name, Date_of_birth, Email, Address) values ('Min Biddles', '1998-07-24', 'mbiddles4@angelfire.com', '1 Moose Plaza');
insert into Guest (Name, Date_of_birth, Email, Address) values ('Lennie Gullifant', '1987-09-09', 'lgullifant5@cornell.edu', '82525 Bluestem Plaza');
insert into Guest (Name, Date_of_birth, Email, Address) values ('Ula Casale', '1978-01-29', 'ucasale6@youtu.be', '78807 Park Meadow Plaza');
insert into Guest (Name, Date_of_birth, Email, Address) values ('Elfrida Gorgen', '2009-12-17', 'egorgen7@rakuten.co.jp', '53116 Del Mar Alley');
insert into Guest (Name, Date_of_birth, Email, Address) values ('Wilhelmina Newsham', '1985-09-26', 'wnewsham8@yandex.ru', '040 Muir Way');
insert into Guest (Name, Date_of_birth, Email, Address) values ('Kara Illingsworth', '2004-04-19', 'killingsworth9@alibaba.com', '46311 Hanson Street');
insert into Guest (Name, Date_of_birth, Email, Address) values ('Rayna Huskisson', '1987-11-19', 'rhuskissona@aol.com', '6696 Mcguire Center');
insert into Guest (Name, Date_of_birth, Email, Address) values ('Glynda Schusterl', '1996-07-31', 'gschusterlb@nsw.gov.au', '06 Meadow Ridge Court');
insert into Guest (Name, Date_of_birth, Email, Address) values ('Fidelity Stuke', '1992-01-26', 'fstukec@washingtonpost.com', '24093 Weeping Birch Court');
insert into Guest (Name, Date_of_birth, Email, Address) values ('Kevin Ongin', '1993-10-20', 'kongind@alexa.com', '79683 Cottonwood Place');
insert into Guest (Name, Date_of_birth, Email, Address) values ('Marta Rudkin', '1979-04-06', 'mrudkine@furl.net', '9 Ohio Hill');
insert into Guest (Name, Date_of_birth, Email, Address) values ('Mirelle Vance', '2001-02-03', 'mvancef@wix.com', '613 Union Way');
insert into Guest (Name, Date_of_birth, Email, Address) values ('Bellanca Taffley', '2003-06-04', 'btaffleyg@ovh.net', '621 Caliangt Way');
insert into Guest (Name, Date_of_birth, Email, Address) values ('Jemmy Carney', '1998-12-22', 'jcarneyh@indiegogo.com', '66 Messerschmidt Hill');
insert into Guest (Name, Date_of_birth, Email, Address) values ('Emmery Woolmer', '1998-06-06', 'ewoolmeri@cargocollective.com', '4985 Cherokee Pass');
insert into Guest (Name, Date_of_birth, Email, Address) values ('Lenka Irving', '1991-07-30', 'lirvingj@phoca.cz', '2381 Norway Maple Way');
insert into Guest (Name, Date_of_birth, Email, Address) values ('Clarence Somerville', '2003-01-01', 'csomervillek@cocolog-nifty.com', '08269 Pleasure Street');
insert into Guest (Name, Date_of_birth, Email, Address) values ('Carolann Macbane', '1980-06-15', 'cmacbanel@illinois.edu', '110 Manitowish Lane');
insert into Guest (Name, Date_of_birth, Email, Address) values ('Zacharie Yarham', '2005-02-18', 'zyarhamm@cisco.com', '41539 Waubesa Drive');
insert into Guest (Name, Date_of_birth, Email, Address) values ('Parke Standring', '2010-04-12', 'pstandringn@theatlantic.com', '58769 Crownhardt Street');
insert into Guest (Name, Date_of_birth, Email, Address) values ('Remus Melody', '1990-05-23', 'rmelodyo@java.com', '10 Fairfield Point');
insert into Guest (Name, Date_of_birth, Email, Address) values ('Colly Jelf', '2005-09-13', 'cjelfp@istockphoto.com', '97309 Prairie Rose Drive');
insert into Guest (Name, Date_of_birth, Email, Address) values ('Skippie Whitecross', '2001-11-14', 'swhitecrossq@webs.com', '192 Anthes Avenue');
insert into Guest (Name, Date_of_birth, Email, Address) values ('Abagail Bottjer', '2001-03-15', 'abottjerr@vkontakte.ru', '1458 Gerald Plaza');
insert into Guest (Name, Date_of_birth, Email, Address) values ('Charles Frankis', '1997-06-10', 'cfrankiss@lulu.com', '3002 Carioca Alley');
insert into Guest (Name, Date_of_birth, Email, Address) values ('Amabel Turfitt', '2006-01-18', 'aturfittt@addtoany.com', '70168 Kipling Lane');
insert into Guest (Name, Date_of_birth, Email, Address) values ('Dolf Cavnor', '1998-08-24', 'dcavnoru@utexas.edu', '6580 Bayside Terrace');
insert into Guest (Name, Date_of_birth, Email, Address) values ('Rossie Killock', '2005-03-05', 'rkillockv@hhs.gov', '10 Becker Alley');
insert into Guest (Name, Date_of_birth, Email, Address) values ('Rosie Riepl', '2007-08-24', 'rrieplw@jalbum.net', '758 Oak Road');
insert into Guest (Name, Date_of_birth, Email, Address) values ('Freeland Lulham', '1993-11-29', 'flulhamx@jugem.jp', '92 Pawling Way');
insert into Guest (Name, Date_of_birth, Email, Address) values ('Benji Dwane', '1993-05-01', 'bdwaney@cargocollective.com', '9 Starling Lane');
insert into Guest (Name, Date_of_birth, Email, Address) values ('Alfreda Bronot', '1981-11-28', 'abronotz@nytimes.com', '11165 Lyons Way');
insert into Guest (Name, Date_of_birth, Email, Address) values ('Quillan Flindall', '1981-09-01', 'qflindall10@is.gd', '46 East Circle');
insert into Guest (Name, Date_of_birth, Email, Address) values ('Gabbi Binion', '1983-08-17', 'gbinion11@chronoengine.com', '9691 Emmet Plaza');
insert into Guest (Name, Date_of_birth, Email, Address) values ('Ella Betteriss', '2005-01-30', 'ebetteriss12@si.edu', '67 Farwell Terrace');
insert into Guest (Name, Date_of_birth, Email, Address) values ('Lucias Shinner', '2006-05-27', 'lshinner13@qq.com', '95409 Summerview Junction');
insert into Guest (Name, Date_of_birth, Email, Address) values ('Harrietta Brumby', '1998-05-07', 'hbrumby14@who.int', '772 Commercial Street');
insert into Guest (Name, Date_of_birth, Email, Address) values ('Shelagh Balham', '1987-03-19', 'sbalham15@biblegateway.com', '6 Lighthouse Bay Road');
insert into Guest (Name, Date_of_birth, Email, Address) values ('Valentina Twohig', '2006-09-10', 'vtwohig16@fc2.com', '11 Iowa Place');
insert into Guest (Name, Date_of_birth, Email, Address) values ('Stefania McMonnies', '1989-12-26', 'smcmonnies17@arizona.edu', '2 Meadow Valley Drive');
insert into Guest (Name, Date_of_birth, Email, Address) values ('Kelcy Linster', '1987-12-17', 'klinster18@squarespace.com', '99 Blackbird Road');
insert into Guest (Name, Date_of_birth, Email, Address) values ('Alfie Satcher', '2003-08-14', 'asatcher19@sciencedaily.com', '013 Dapin Place');
insert into Guest (Name, Date_of_birth, Email, Address) values ('Bertrando Loosely', '1978-08-08', 'bloosely1a@tamu.edu', '4 Fallview Court');
insert into Guest (Name, Date_of_birth, Email, Address) values ('Arnold Key', '1977-05-03', 'akey1b@jimdo.com', '613 Texas Junction');
insert into Guest (Name, Date_of_birth, Email, Address) values ('Zane Whate', '2002-11-16', 'zwhate1c@narod.ru', '9170 Armistice Pass');
insert into Guest (Name, Date_of_birth, Email, Address) values ('Benita Keiling', '2009-11-16', 'bkeiling1d@opera.com', '53827 Colorado Point');
insert into Guest (Name, Date_of_birth, Email, Address) values ('Florence Consadine', '1991-11-02', 'fconsadine1e@epa.gov', '2 Upham Parkway');
insert into Guest (Name, Date_of_birth, Email, Address) values ('Husain Duffitt', '1990-04-10', 'hduffitt1f@businessweek.com', '29 Ohio Crossing');
insert into Guest (Name, Date_of_birth, Email, Address) values ('Emory Stilgoe', '2007-06-19', 'estilgoe1g@engadget.com', '97981 Pierstorff Lane');
insert into Guest (Name, Date_of_birth, Email, Address) values ('Ashbey Sanson', '2004-11-17', 'asanson1h@bluehost.com', '1 East Court');
insert into Guest (Name, Date_of_birth, Email, Address) values ('Hailee MacGillreich', '1990-08-28', 'hmacgillreich1i@vkontakte.ru', '05 Bunker Hill Park');
insert into Guest (Name, Date_of_birth, Email, Address) values ('Harold Jelly', '1980-06-20', 'hjelly1j@slideshare.net', '616 Melody Pass');
insert into Guest (Name, Date_of_birth, Email, Address) values ('Stoddard Staden', '1978-09-08', 'sstaden1k@google.it', '265 Dorton Way');
insert into Guest (Name, Date_of_birth, Email, Address) values ('Kriste Walewski', '1980-08-15', 'kwalewski1l@tumblr.com', '21 Autumn Leaf Drive');
insert into Guest (Name, Date_of_birth, Email, Address) values ('Steffane Bute', '2005-09-03', 'sbute1m@list-manage.com', '686 Ridgeview Center');
insert into Guest (Name, Date_of_birth, Email, Address) values ('Natty Lindsell', '1979-03-13', 'nlindsell1n@abc.net.au', '71 Canary Drive');
insert into Guest (Name, Date_of_birth, Email, Address) values ('Armin Stute', '1995-08-11', 'astute1o@answers.com', '99 3rd Pass');
insert into Guest (Name, Date_of_birth, Email, Address) values ('Pammi Blackadder', '2007-07-22', 'pblackadder1p@addthis.com', '16253 Toban Court');
insert into Guest (Name, Date_of_birth, Email, Address) values ('Jacquenette Coiley', '1995-05-12', 'jcoiley1q@icq.com', '2 Bay Circle');
insert into Guest (Name, Date_of_birth, Email, Address) values ('Huntlee Valasek', '1989-01-30', 'hvalasek1r@istockphoto.com', '165 Elmside Point');
insert into Guest (Name, Date_of_birth, Email, Address) values ('Amalea Himsworth', '1998-03-16', 'ahimsworth1s@weibo.com', '4 Roxbury Trail');
insert into Guest (Name, Date_of_birth, Email, Address) values ('Joyous Northam', '1985-11-12', 'jnortham1t@samsung.com', '15661 Towne Street');
insert into Guest (Name, Date_of_birth, Email, Address) values ('Durward Bulbrook', '1978-04-06', 'dbulbrook1u@hibu.com', '2211 Browning Pass');
insert into Guest (Name, Date_of_birth, Email, Address) values ('Belle Yokel', '1995-01-05', 'byokel1v@unc.edu', '69615 Fairview Circle');
insert into Guest (Name, Date_of_birth, Email, Address) values ('Josee Kielt', '1980-11-29', 'jkielt1w@soup.io', '11 Sage Crossing');
insert into Guest (Name, Date_of_birth, Email, Address) values ('Fin Ferminger', '1987-02-20', 'fferminger1x@google.com.br', '37353 Sherman Crossing');
insert into Guest (Name, Date_of_birth, Email, Address) values ('Nara Warlton', '1985-11-24', 'nwarlton1y@macromedia.com', '5243 Manley Plaza');
insert into Guest (Name, Date_of_birth, Email, Address) values ('Leigh de Vaen', '1989-07-14', 'lde1z@studiopress.com', '66432 Waxwing Place');
insert into Guest (Name, Date_of_birth, Email, Address) values ('Tabor Hedling', '1985-01-29', 'thedling20@desdev.cn', '7926 Pankratz Terrace');
insert into Guest (Name, Date_of_birth, Email, Address) values ('Meryl Trounson', '1999-11-25', 'mtrounson21@cargocollective.com', '368 Brentwood Parkway');
insert into Guest (Name, Date_of_birth, Email, Address) values ('Kalvin Mowson', '1980-09-09', 'kmowson22@hp.com', '22 Birchwood Way');
insert into Guest (Name, Date_of_birth, Email, Address) values ('Hewie Goodlip', '1990-09-08', 'hgoodlip23@tripod.com', '10027 Roth Trail');
insert into Guest (Name, Date_of_birth, Email, Address) values ('Idelle Chieze', '1994-11-09', 'ichieze24@berkeley.edu', '08 Dunning Way');
insert into Guest (Name, Date_of_birth, Email, Address) values ('Giulietta Lamplugh', '1990-04-04', 'glamplugh25@istockphoto.com', '432 Del Mar Terrace');
insert into Guest (Name, Date_of_birth, Email, Address) values ('Petronilla Fullerd', '1977-06-27', 'pfullerd26@dmoz.org', '2818 Waywood Park');
insert into Guest (Name, Date_of_birth, Email, Address) values ('Janina Filippyev', '1997-03-27', 'jfilippyev27@ucla.edu', '902 Algoma Alley');
insert into Guest (Name, Date_of_birth, Email, Address) values ('Alberik Van Bruggen', '1997-09-14', 'avan28@ucoz.com', '9655 Scoville Point');
insert into Guest (Name, Date_of_birth, Email, Address) values ('Estel Hacun', '1992-09-20', 'ehacun29@japanpost.jp', '0 Quincy Court');
insert into Guest (Name, Date_of_birth, Email, Address) values ('Theo Winckworth', '1992-11-01', 'twinckworth2a@europa.eu', '1225 Golf View Plaza');
insert into Guest (Name, Date_of_birth, Email, Address) values ('Torrie Weddup', '1999-07-04', 'tweddup2b@nhs.uk', '59 Londonderry Crossing');
insert into Guest (Name, Date_of_birth, Email, Address) values ('Mollee Skegg', '1982-12-11', 'mskegg2c@cbslocal.com', '30 Westerfield Trail');
insert into Guest (Name, Date_of_birth, Email, Address) values ('Torin Lamey', '2011-03-02', 'tlamey2d@privacy.gov.au', '8 School Way');
insert into Guest (Name, Date_of_birth, Email, Address) values ('Crichton Swayne', '1980-02-15', 'cswayne2e@php.net', '43 Scofield Street');
insert into Guest (Name, Date_of_birth, Email, Address) values ('Faustina Ayto', '1998-09-06', 'fayto2f@howstuffworks.com', '58 Lunder Parkway');
insert into Guest (Name, Date_of_birth, Email, Address) values ('Tedda Drayson', '2011-02-22', 'tdrayson2g@wp.com', '31 3rd Court');
insert into Guest (Name, Date_of_birth, Email, Address) values ('Verene Emmott', '1994-04-08', 'vemmott2h@epa.gov', '7484 Garrison Crossing');
insert into Guest (Name, Date_of_birth, Email, Address) values ('Robenia Colbrun', '1977-12-03', 'rcolbrun2i@miibeian.gov.cn', '1 Village Green Avenue');
insert into Guest (Name, Date_of_birth, Email, Address) values ('Orton Turbern', '1992-06-08', 'oturbern2j@livejournal.com', '5338 Annamark Crossing');
insert into Guest (Name, Date_of_birth, Email, Address) values ('Katalin Antonognoli', '2010-11-05', 'kantonognoli2k@netvibes.com', '9014 Corben Trail');
insert into Guest (Name, Date_of_birth, Email, Address) values ('Bartholomeo Rankine', '2010-11-16', 'brankine2l@yellowpages.com', '24344 Kensington Place');
insert into Guest (Name, Date_of_birth, Email, Address) values ('Aldin Sizey', '2003-04-19', 'asizey2m@bandcamp.com', '02 Fair Oaks Alley');
insert into Guest (Name, Date_of_birth, Email, Address) values ('Eimile Daftor', '2011-03-08', 'edaftor2n@ucla.edu', '5 Homewood Trail');
insert into Guest (Name, Date_of_birth, Email, Address) values ('Crystal Carlino', '1997-12-26', 'ccarlino2o@statcounter.com', '324 International Hill');
insert into Guest (Name, Date_of_birth, Email, Address) values ('Giorgio MacCahey', '1990-11-08', 'gmaccahey2p@g.co', '752 Express Place');
insert into Guest (Name, Date_of_birth, Email, Address) values ('Inigo Ziems', '1993-02-02', 'iziems2q@yellowpages.com', '05151 Washington Place');
insert into Guest (Name, Date_of_birth, Email, Address) values ('Cesya Maddyson', '1987-09-28', 'cmaddyson2r@seattletimes.com', '1373 Corscot Park');
insert into Guest (Name, Date_of_birth, Email, Address) values ('Sander Hinge', '1977-11-18', 'shinge2s@auda.org.au', '1771 Bellgrove Plaza');
insert into Guest (Name, Date_of_birth, Email, Address) values ('Pamela Lassell', '1997-03-02', 'plassell2t@imdb.com', '5 Veith Circle');
insert into Guest (Name, Date_of_birth, Email, Address) values ('Corrine Farndell', '1997-02-12', 'cfarndell2u@vinaora.com', '76 Valley Edge Crossing');
insert into Guest (Name, Date_of_birth, Email, Address) values ('Cathie Milverton', '1996-02-28', 'cmilverton2v@feedburner.com', '6 Ridgeway Plaza');
insert into Guest (Name, Date_of_birth, Email, Address) values ('Freddy Stranio', '1988-09-04', 'fstranio2w@cbslocal.com', '96 West Plaza');
insert into Guest (Name, Date_of_birth, Email, Address) values ('Lydia Monelli', '1991-10-11', 'lmonelli2x@uol.com.br', '22806 Homewood Road');
insert into Guest (Name, Date_of_birth, Email, Address) values ('Morton Treske', '1997-04-17', 'mtreske2y@webnode.com', '1 Fuller Circle');
insert into Guest (Name, Date_of_birth, Email, Address) values ('Reagen Woolvett', '2012-02-18', 'rwoolvett2z@drupal.org', '477 Claremont Hill');
insert into Guest (Name, Date_of_birth, Email, Address) values ('Shandie Grist', '2012-04-30', 'sgrist30@storify.com', '06215 Novick Center');
insert into Guest (Name, Date_of_birth, Email, Address) values ('Grazia Isham', '2000-05-22', 'gisham31@skype.com', '01 Nelson Center');
insert into Guest (Name, Date_of_birth, Email, Address) values ('Barris Schirach', '2012-01-28', 'bschirach32@opera.com', '69 Westerfield Park');
insert into Guest (Name, Date_of_birth, Email, Address) values ('Dolley Littlefield', '2012-01-14', 'dlittlefield33@princeton.edu', '16 Glendale Avenue');
insert into Guest (Name, Date_of_birth, Email, Address) values ('Felicity Wetwood', '1998-04-25', 'fwetwood34@behance.net', '50826 Schlimgen Way');
insert into Guest (Name, Date_of_birth, Email, Address) values ('Viola Loftie', '2007-08-23', 'vloftie35@latimes.com', '934 Ohio Way');
insert into Guest (Name, Date_of_birth, Email, Address) values ('Dianne Pointin', '1980-09-23', 'dpointin36@i2i.jp', '0012 Farragut Hill');
insert into Guest (Name, Date_of_birth, Email, Address) values ('Marven Pratley', '1979-10-15', 'mpratley37@nyu.edu', '57189 Hanson Road');
insert into Guest (Name, Date_of_birth, Email, Address) values ('Masha Pennington', '1978-12-23', 'mpennington38@prweb.com', '80395 Lien Alley');
insert into Guest (Name, Date_of_birth, Email, Address) values ('Mamie Abrashkin', '1996-06-30', 'mabrashkin39@wp.com', '8056 Mallory Place');
insert into Guest (Name, Date_of_birth, Email, Address) values ('Duane Schoular', '2009-07-18', 'dschoular3a@com.com', '217 Weeping Birch Terrace');
insert into Guest (Name, Date_of_birth, Email, Address) values ('Wilhelm O''Roan', '2007-07-24', 'woroan3b@rakuten.co.jp', '5260 Hayes Alley');
insert into Guest (Name, Date_of_birth, Email, Address) values ('Lavinie Cosgrave', '2003-04-28', 'lcosgrave3c@trellian.com', '7 Holmberg Lane');
insert into Guest (Name, Date_of_birth, Email, Address) values ('Coriss Gomersal', '1994-03-04', 'cgomersal3d@wikipedia.org', '609 Anthes Alley');
insert into Guest (Name, Date_of_birth, Email, Address) values ('Peggi Parcells', '1978-11-06', 'pparcells3e@deviantart.com', '95 Merry Court');
insert into Guest (Name, Date_of_birth, Email, Address) values ('Angelique Cahen', '2005-01-01', 'acahen3f@issuu.com', '8371 Boyd Place');
insert into Guest (Name, Date_of_birth, Email, Address) values ('Trenton Bernette', '2000-09-21', 'tbernette3g@hc360.com', '15974 Burning Wood Alley');
insert into Guest (Name, Date_of_birth, Email, Address) values ('Randy Almak', '1977-07-15', 'ralmak3h@chicagotribune.com', '860 Rockefeller Alley');
insert into Guest (Name, Date_of_birth, Email, Address) values ('Eilis Bocken', '2008-07-24', 'ebocken3i@usda.gov', '843 Texas Park');
insert into Guest (Name, Date_of_birth, Email, Address) values ('Ninnetta Sisland', '1994-10-01', 'nsisland3j@a8.net', '8 Ruskin Trail');
insert into Guest (Name, Date_of_birth, Email, Address) values ('Lynn Peyton', '2009-12-05', 'lpeyton3k@amazon.de', '77254 Moulton Place');
insert into Guest (Name, Date_of_birth, Email, Address) values ('Cassey Markey', '1991-10-25', 'cmarkey3l@dailymotion.com', '4086 Rieder Trail');
insert into Guest (Name, Date_of_birth, Email, Address) values ('Cirillo Skacel', '1998-03-08', 'cskacel3m@people.com.cn', '0360 Forest Dale Trail');
insert into Guest (Name, Date_of_birth, Email, Address) values ('Benji Yarnold', '1984-06-27', 'byarnold3n@go.com', '62 Talisman Place');
insert into Guest (Name, Date_of_birth, Email, Address) values ('Arabele Udall', '1997-11-06', 'audall3o@exblog.jp', '92643 Mockingbird Point');
insert into Guest (Name, Date_of_birth, Email, Address) values ('Marj Milligan', '1989-04-22', 'mmilligan3p@bizjournals.com', '0 Schmedeman Drive');
insert into Guest (Name, Date_of_birth, Email, Address) values ('Loretta Mugglestone', '2009-06-27', 'lmugglestone3q@spotify.com', '184 Stang Circle');
insert into Guest (Name, Date_of_birth, Email, Address) values ('Helyn Rowlings', '1995-09-02', 'hrowlings3r@tumblr.com', '5488 Mandrake Point');
insert into Guest (Name, Date_of_birth, Email, Address) values ('Dillon Abelov', '1988-04-12', 'dabelov3s@nationalgeographic.com', '84830 Dryden Way');
insert into Guest (Name, Date_of_birth, Email, Address) values ('Jaquenette Scorer', '1986-08-13', 'jscorer3t@adobe.com', '4734 Bashford Place');
insert into Guest (Name, Date_of_birth, Email, Address) values ('Bearnard Bingall', '1979-07-15', 'bbingall3u@umich.edu', '759 Goodland Street');
insert into Guest (Name, Date_of_birth, Email, Address) values ('Vi Benedicto', '1987-10-09', 'vbenedicto3v@mit.edu', '63143 Mcguire Way');
insert into Guest (Name, Date_of_birth, Email, Address) values ('Gannon Morrell', '1991-12-16', 'gmorrell3w@tinyurl.com', '96738 Del Mar Terrace');
insert into Guest (Name, Date_of_birth, Email, Address) values ('Yorgo Brekonridge', '2010-08-10', 'ybrekonridge3x@forbes.com', '8699 Thackeray Center');
insert into Guest (Name, Date_of_birth, Email, Address) values ('Hercules Peyzer', '2008-11-27', 'hpeyzer3y@wordpress.org', '18 Manitowish Street');
insert into Guest (Name, Date_of_birth, Email, Address) values ('Maureen McGlew', '2009-07-06', 'mmcglew3z@google.com', '65632 Ridgeview Junction');
insert into Guest (Name, Date_of_birth, Email, Address) values ('Katherina Freeborn', '2004-08-27', 'kfreeborn40@twitpic.com', '4764 Springview Parkway');
insert into Guest (Name, Date_of_birth, Email, Address) values ('Max McMearty', '1994-10-14', 'mmcmearty41@mashable.com', '75535 Dapin Drive');
insert into Guest (Name, Date_of_birth, Email, Address) values ('Nero Finnis', '2006-06-10', 'nfinnis42@behance.net', '09271 Russell Way');
insert into Guest (Name, Date_of_birth, Email, Address) values ('Elsi Ferrettino', '1993-01-18', 'eferrettino43@blinklist.com', '2254 Barby Street');
insert into Guest (Name, Date_of_birth, Email, Address) values ('Joell Minthorpe', '1977-12-19', 'jminthorpe44@themeforest.net', '193 Waubesa Plaza');
insert into Guest (Name, Date_of_birth, Email, Address) values ('Sammy Schaumaker', '2009-02-10', 'sschaumaker45@nationalgeographic.com', '21170 Hauk Avenue');
insert into Guest (Name, Date_of_birth, Email, Address) values ('Sven Rickman', '1981-10-23', 'srickman46@stumbleupon.com', '12 Cambridge Crossing');
insert into Guest (Name, Date_of_birth, Email, Address) values ('Onida Lounds', '1984-01-20', 'olounds47@reverbnation.com', '2 Oxford Hill');
insert into Guest (Name, Date_of_birth, Email, Address) values ('Alden Goodenough', '1992-07-26', 'agoodenough48@geocities.com', '98 West Circle');
insert into Guest (Name, Date_of_birth, Email, Address) values ('Billy Pach', '2007-04-26', 'bpach49@chicagotribune.com', '22 Westerfield Parkway');
insert into Guest (Name, Date_of_birth, Email, Address) values ('Noland Cromblehome', '2002-05-17', 'ncromblehome4a@time.com', '4 Warbler Road');
insert into Guest (Name, Date_of_birth, Email, Address) values ('Jocelin Shawel', '1992-09-29', 'jshawel4b@yahoo.com', '75622 1st Street');
insert into Guest (Name, Date_of_birth, Email, Address) values ('Danyette Naldrett', '1982-11-17', 'dnaldrett4c@rakuten.co.jp', '8 Mariners Cove Circle');
insert into Guest (Name, Date_of_birth, Email, Address) values ('Ilsa Huff', '1983-03-29', 'ihuff4d@drupal.org', '5 Nevada Point');
insert into Guest (Name, Date_of_birth, Email, Address) values ('Monte Brownhill', '2008-06-02', 'mbrownhill4e@paypal.com', '99900 Mccormick Junction');
insert into Guest (Name, Date_of_birth, Email, Address) values ('Ilka Birchenhead', '1978-01-15', 'ibirchenhead4f@artisteer.com', '572 Westport Terrace');
insert into Guest (Name, Date_of_birth, Email, Address) values ('Sergeant Breznovic', '2010-12-08', 'sbreznovic4g@histats.com', '8 Springview Lane');
insert into Guest (Name, Date_of_birth, Email, Address) values ('Oralee Vorley', '1997-10-17', 'ovorley4h@patch.com', '8 Upham Street');
insert into Guest (Name, Date_of_birth, Email, Address) values ('Orville Trunby', '1988-05-17', 'otrunby4i@liveinternet.ru', '315 Hermina Street');
insert into Guest (Name, Date_of_birth, Email, Address) values ('Joice Dracey', '2001-05-05', 'jdracey4j@ocn.ne.jp', '367 Memorial Pass');
insert into Guest (Name, Date_of_birth, Email, Address) values ('Osbourne Dossetter', '1980-02-17', 'odossetter4k@bloglines.com', '5054 Hanson Court');
insert into Guest (Name, Date_of_birth, Email, Address) values ('Conrad Parradice', '2000-01-06', 'cparradice4l@jigsy.com', '1650 Lawn Lane');
insert into Guest (Name, Date_of_birth, Email, Address) values ('Brenn Blackmore', '2010-01-15', 'bblackmore4m@phoca.cz', '986 Manitowish Terrace');
insert into Guest (Name, Date_of_birth, Email, Address) values ('Jean Antonoyev', '1997-06-20', 'jantonoyev4n@fc2.com', '470 Shoshone Lane');
insert into Guest (Name, Date_of_birth, Email, Address) values ('Stacy Farquhar', '2009-11-01', 'sfarquhar4o@bloomberg.com', '0 Lyons Way');
insert into Guest (Name, Date_of_birth, Email, Address) values ('Pablo Camoletto', '1978-01-13', 'pcamoletto4p@soundcloud.com', '12 Mesta Plaza');
insert into Guest (Name, Date_of_birth, Email, Address) values ('Gale Kellough', '1983-02-16', 'gkellough4q@wired.com', '5596 Esch Place');
insert into Guest (Name, Date_of_birth, Email, Address) values ('Chandler Bartusek', '1980-07-08', 'cbartusek4r@mlb.com', '85611 Sherman Center');
insert into Guest (Name, Date_of_birth, Email, Address) values ('Rafaellle Atwell', '1981-08-19', 'ratwell4s@accuweather.com', '77655 Dryden Pass');
insert into Guest (Name, Date_of_birth, Email, Address) values ('Fayette Ambrosi', '1990-06-01', 'fambrosi4t@theglobeandmail.com', '371 7th Park');
insert into Guest (Name, Date_of_birth, Email, Address) values ('Dillie Sprague', '2009-12-01', 'dsprague4u@devhub.com', '1 Eagle Crest Hill');
insert into Guest (Name, Date_of_birth, Email, Address) values ('Davon Pasmore', '2005-05-26', 'dpasmore4v@furl.net', '13 Lien Road');
insert into Guest (Name, Date_of_birth, Email, Address) values ('Nickolas Matterson', '1993-01-13', 'nmatterson4w@wordpress.com', '86 Vidon Way');
insert into Guest (Name, Date_of_birth, Email, Address) values ('Neddy Chenery', '1982-11-20', 'nchenery4x@sciencedaily.com', '32 Kenwood Alley');
insert into Guest (Name, Date_of_birth, Email, Address) values ('Marsiella Breslauer', '1985-03-31', 'mbreslauer4y@posterous.com', '291 Buhler Terrace');
insert into Guest (Name, Date_of_birth, Email, Address) values ('Garland Schuh', '2004-05-31', 'gschuh4z@army.mil', '621 Heath Terrace');
insert into Guest (Name, Date_of_birth, Email, Address) values ('Ollie Lindores', '2006-02-10', 'olindores50@shinystat.com', '29 Jana Street');
insert into Guest (Name, Date_of_birth, Email, Address) values ('Elsey Tollfree', '1996-01-06', 'etollfree51@prweb.com', '8 Bobwhite Hill');
insert into Guest (Name, Date_of_birth, Email, Address) values ('Hallsy Lavielle', '1989-05-06', 'hlavielle52@myspace.com', '17 1st Trail');
insert into Guest (Name, Date_of_birth, Email, Address) values ('Fannie Gebbie', '1983-11-09', 'fgebbie53@wunderground.com', '20204 Clemons Crossing');
insert into Guest (Name, Date_of_birth, Email, Address) values ('Nikki Comerford', '1983-08-03', 'ncomerford54@multiply.com', '96238 Bowman Place');
insert into Guest (Name, Date_of_birth, Email, Address) values ('Corby MacAllaster', '1993-09-21', 'cmacallaster55@myspace.com', '39 Bayside Parkway');
insert into Guest (Name, Date_of_birth, Email, Address) values ('Brade Pedrocco', '2007-04-26', 'bpedrocco56@princeton.edu', '8019 Delladonna Point');
insert into Guest (Name, Date_of_birth, Email, Address) values ('Carlyle Jakubowicz', '1990-07-13', 'cjakubowicz57@netscape.com', '30 Artisan Crossing');
insert into Guest (Name, Date_of_birth, Email, Address) values ('Jacinta California', '1993-11-07', 'jcalifornia58@go.com', '162 Bartillon Center');
insert into Guest (Name, Date_of_birth, Email, Address) values ('Trevor Darbyshire', '1997-10-26', 'tdarbyshire59@canalblog.com', '96964 Evergreen Road');
insert into Guest (Name, Date_of_birth, Email, Address) values ('Vernice Sancroft', '1978-03-29', 'vsancroft5a@usgs.gov', '40544 Charing Cross Street');
insert into Guest (Name, Date_of_birth, Email, Address) values ('Rana Murrow', '1985-08-29', 'rmurrow5b@discuz.net', '7 Carpenter Road');
insert into Guest (Name, Date_of_birth, Email, Address) values ('Marchall Manchett', '1998-07-30', 'mmanchett5c@drupal.org', '3 Merry Trail');
insert into Guest (Name, Date_of_birth, Email, Address) values ('Bellanca Giacomuzzo', '2003-07-15', 'bgiacomuzzo5d@ibm.com', '936 Carpenter Road');
insert into Guest (Name, Date_of_birth, Email, Address) values ('Nicki Rash', '1991-08-08', 'nrash5e@imdb.com', '5492 Golf View Way');
insert into Guest (Name, Date_of_birth, Email, Address) values ('Hamlin Bean', '1991-07-27', 'hbean5f@alexa.com', '5 Gulseth Center');
insert into Guest (Name, Date_of_birth, Email, Address) values ('Christoph McQuarter', '1982-08-12', 'cmcquarter5g@aboutads.info', '357 Coleman Avenue');
insert into Guest (Name, Date_of_birth, Email, Address) values ('Francisco Englefield', '1979-02-01', 'fenglefield5h@scientificamerican.com', '53 Mandrake Point');
insert into Guest (Name, Date_of_birth, Email, Address) values ('Tessi Dockwra', '1987-07-26', 'tdockwra5i@oakley.com', '19297 Waywood Crossing');
insert into Guest (Name, Date_of_birth, Email, Address) values ('Billie Snoxall', '2011-10-29', 'bsnoxall5j@smh.com.au', '5 Glendale Park');
insert into Guest (Name, Date_of_birth, Email, Address) values ('Garek Bircher', '1990-01-05', 'gbircher5k@weibo.com', '1 School Drive');
insert into Guest (Name, Date_of_birth, Email, Address) values ('Vina Demsey', '1987-07-06', 'vdemsey5l@tiny.cc', '5 Caliangt Center');
insert into Guest (Name, Date_of_birth, Email, Address) values ('Edd Lofty', '1991-09-08', 'elofty5m@businessweek.com', '63 Mendota Road');
insert into Guest (Name, Date_of_birth, Email, Address) values ('Gasper Gagie', '2005-07-04', 'ggagie5n@jugem.jp', '55582 Blue Bill Park Avenue');
insert into Guest (Name, Date_of_birth, Email, Address) values ('Thorn Furlonge', '2005-02-25', 'tfurlonge5o@ycombinator.com', '15 Manufacturers Park');
insert into Guest (Name, Date_of_birth, Email, Address) values ('Anestassia Arrigucci', '1982-06-22', 'aarrigucci5p@skype.com', '017 Green Place');
insert into Guest (Name, Date_of_birth, Email, Address) values ('Trev Cote', '1999-12-06', 'tcote5q@twitter.com', '66 Annamark Trail');
insert into Guest (Name, Date_of_birth, Email, Address) values ('Quintin Dominik', '1984-09-25', 'qdominik5r@japanpost.jp', '5992 Banding Street');
insert into Guest (Name, Date_of_birth, Email, Address) values ('Cherilyn Aldam', '2003-07-18', 'caldam5s@youtube.com', '20 Del Mar Lane');
insert into Guest (Name, Date_of_birth, Email, Address) values ('Ekaterina Entreis', '1980-01-13', 'eentreis5t@de.vu', '118 Longview Street');
insert into Guest (Name, Date_of_birth, Email, Address) values ('Gwenny Lyddy', '2004-08-13', 'glyddy5u@seattletimes.com', '5181 Sunfield Drive');
insert into Guest (Name, Date_of_birth, Email, Address) values ('Aldridge Stockill', '1978-09-01', 'astockill5v@google.pl', '4 Nova Terrace');
insert into Guest (Name, Date_of_birth, Email, Address) values ('Eustacia Valance', '2010-12-23', 'evalance5w@npr.org', '09022 Stuart Crossing');
insert into Guest (Name, Date_of_birth, Email, Address) values ('Zorah Bedberry', '1979-09-09', 'zbedberry5x@psu.edu', '80268 Green Avenue');
insert into Guest (Name, Date_of_birth, Email, Address) values ('Debbi Iveson', '1986-11-02', 'diveson5y@devhub.com', '21 Becker Junction');
insert into Guest (Name, Date_of_birth, Email, Address) values ('Thacher Emmison', '2011-04-16', 'temmison5z@blogspot.com', '7963 Schmedeman Park');
insert into Guest (Name, Date_of_birth, Email, Address) values ('Tedman Flippelli', '1980-04-30', 'tflippelli60@facebook.com', '998 Spenser Hill');
insert into Guest (Name, Date_of_birth, Email, Address) values ('Aloysius McKleod', '1977-10-30', 'amckleod61@paginegialle.it', '93307 Merrick Park');
insert into Guest (Name, Date_of_birth, Email, Address) values ('Lisette Mc Meekin', '2010-01-15', 'lmc62@cnn.com', '689 Maple Street');
insert into Guest (Name, Date_of_birth, Email, Address) values ('Pen Stearne', '2000-01-02', 'pstearne63@bloomberg.com', '75866 Loeprich Way');
insert into Guest (Name, Date_of_birth, Email, Address) values ('Vincenz Jedrzejkiewicz', '2006-10-26', 'vjedrzejkiewicz64@mapy.cz', '42169 Onsgard Avenue');
insert into Guest (Name, Date_of_birth, Email, Address) values ('Rosina Balbeck', '1977-05-27', 'rbalbeck65@xing.com', '3 Farmco Place');
insert into Guest (Name, Date_of_birth, Email, Address) values ('Penelope Tuerena', '1977-08-23', 'ptuerena66@tmall.com', '75 Butternut Way');
insert into Guest (Name, Date_of_birth, Email, Address) values ('Montgomery Guy', '1992-02-12', 'mguy67@unesco.org', '28614 Lakeland Plaza');
insert into Guest (Name, Date_of_birth, Email, Address) values ('Willow Haworth', '1990-05-08', 'whaworth68@wikimedia.org', '04 Mallard Drive');
insert into Guest (Name, Date_of_birth, Email, Address) values ('Dinnie McGraith', '1983-01-29', 'dmcgraith69@spotify.com', '8 Lerdahl Lane');
insert into Guest (Name, Date_of_birth, Email, Address) values ('Linea See', '1997-04-07', 'lsee6a@gnu.org', '03 Jenna Trail');
insert into Guest (Name, Date_of_birth, Email, Address) values ('Jessi Szymon', '2003-12-30', 'jszymon6b@dyndns.org', '97235 Algoma Terrace');
insert into Guest (Name, Date_of_birth, Email, Address) values ('Tonya Lush', '1995-06-19', 'tlush6c@examiner.com', '65075 Grim Terrace');
insert into Guest (Name, Date_of_birth, Email, Address) values ('Lil Corney', '1993-07-14', 'lcorney6d@google.it', '11 Becker Way');
insert into Guest (Name, Date_of_birth, Email, Address) values ('Venita Kilmary', '2008-07-22', 'vkilmary6e@bloglovin.com', '988 Stang Avenue');
insert into Guest (Name, Date_of_birth, Email, Address) values ('Tan Trehearn', '1978-05-27', 'ttrehearn6f@wufoo.com', '0581 Dawn Trail');
insert into Guest (Name, Date_of_birth, Email, Address) values ('Roldan Hallowell', '2009-03-18', 'rhallowell6g@github.io', '90328 Moose Drive');
insert into Guest (Name, Date_of_birth, Email, Address) values ('Elmore Pollak', '1980-04-04', 'epollak6h@cnet.com', '85 Sullivan Junction');
insert into Guest (Name, Date_of_birth, Email, Address) values ('Staffard Guinness', '2000-05-03', 'sguinness6i@ucsd.edu', '28463 Merrick Avenue');
insert into Guest (Name, Date_of_birth, Email, Address) values ('Hannis Hirschmann', '1988-02-22', 'hhirschmann6j@youtube.com', '24 Anthes Court');
insert into Guest (Name, Date_of_birth, Email, Address) values ('Lethia Oliveras', '2009-12-07', 'loliveras6k@wisc.edu', '6 Fuller Crossing');
insert into Guest (Name, Date_of_birth, Email, Address) values ('Alverta Torrejon', '2003-04-16', 'atorrejon6l@dion.ne.jp', '48762 Doe Crossing Road');
insert into Guest (Name, Date_of_birth, Email, Address) values ('Markos Warrington', '1994-08-15', 'mwarrington6m@soup.io', '7 Saint Paul Alley');
insert into Guest (Name, Date_of_birth, Email, Address) values ('Dick Mountford', '1984-03-10', 'dmountford6n@netvibes.com', '14876 New Castle Street');
insert into Guest (Name, Date_of_birth, Email, Address) values ('Roby Wadley', '2008-06-09', 'rwadley6o@illinois.edu', '977 Manley Terrace');
insert into Guest (Name, Date_of_birth, Email, Address) values ('Eachelle Gronav', '1983-02-11', 'egronav6p@phpbb.com', '7736 Blackbird Court');
insert into Guest (Name, Date_of_birth, Email, Address) values ('Lucia Rainton', '2009-07-01', 'lrainton6q@nih.gov', '1 American Ash Place');
insert into Guest (Name, Date_of_birth, Email, Address) values ('Trish Itzig', '1996-02-28', 'titzig6r@devhub.com', '924 Schmedeman Junction');
insert into Guest (Name, Date_of_birth, Email, Address) values ('Neron Reimers', '2003-07-22', 'nreimers6s@blogs.com', '9 Ryan Alley');
insert into Guest (Name, Date_of_birth, Email, Address) values ('Myrna Frisdick', '2010-07-03', 'mfrisdick6t@com.com', '9 International Way');
insert into Guest (Name, Date_of_birth, Email, Address) values ('Barris Weerdenburg', '2007-01-28', 'bweerdenburg6u@cpanel.net', '006 Haas Avenue');
insert into Guest (Name, Date_of_birth, Email, Address) values ('Barrett Lundberg', '2001-10-09', 'blundberg6v@deliciousdays.com', '53883 Green Drive');
insert into Guest (Name, Date_of_birth, Email, Address) values ('Husain Duester', '1986-12-22', 'hduester6w@webmd.com', '6 Mesta Circle');
insert into Guest (Name, Date_of_birth, Email, Address) values ('Nolie Mewis', '1985-05-25', 'nmewis6x@jugem.jp', '8 Weeping Birch Circle');
insert into Guest (Name, Date_of_birth, Email, Address) values ('Ericka Dand', '2010-11-14', 'edand6y@ed.gov', '3 Golf Course Alley');
insert into Guest (Name, Date_of_birth, Email, Address) values ('Penni Capponeer', '1980-10-05', 'pcapponeer6z@domainmarket.com', '66 Fairview Plaza');
insert into Guest (Name, Date_of_birth, Email, Address) values ('Riannon Djakovic', '1977-05-22', 'rdjakovic70@dedecms.com', '870 Caliangt Junction');
insert into Guest (Name, Date_of_birth, Email, Address) values ('Zondra Belleny', '2008-09-20', 'zbelleny71@craigslist.org', '228 Old Shore Street');
insert into Guest (Name, Date_of_birth, Email, Address) values ('Pooh Maliffe', '1983-06-27', 'pmaliffe72@desdev.cn', '09513 Prentice Pass');
insert into Guest (Name, Date_of_birth, Email, Address) values ('Katti Sunshine', '1985-08-05', 'ksunshine73@digg.com', '8 Golf Crossing');
insert into Guest (Name, Date_of_birth, Email, Address) values ('Fiorenze Parffrey', '1999-05-18', 'fparffrey74@blogtalkradio.com', '14903 Eliot Plaza');
insert into Guest (Name, Date_of_birth, Email, Address) values ('Indira Fowle', '1982-12-29', 'ifowle75@microsoft.com', '1 Ohio Court');
insert into Guest (Name, Date_of_birth, Email, Address) values ('Emlynne Gomme', '1980-04-10', 'egomme76@seattletimes.com', '65 Farmco Trail');
insert into Guest (Name, Date_of_birth, Email, Address) values ('Gillian Fifoot', '1993-06-07', 'gfifoot77@usa.gov', '49 8th Trail');
insert into Guest (Name, Date_of_birth, Email, Address) values ('Shir Maty', '1981-11-17', 'smaty78@ning.com', '67 Park Meadow Trail');
insert into Guest (Name, Date_of_birth, Email, Address) values ('Rab Sigward', '1983-05-17', 'rsigward79@fc2.com', '8436 Brickson Park Lane');
insert into Guest (Name, Date_of_birth, Email, Address) values ('Maddy Dignum', '2005-09-20', 'mdignum7a@jigsy.com', '92 Texas Court');
insert into Guest (Name, Date_of_birth, Email, Address) values ('Drake Unitt', '2003-05-01', 'dunitt7b@addtoany.com', '0151 Stang Drive');
insert into Guest (Name, Date_of_birth, Email, Address) values ('Jerrilee Verryan', '2011-01-27', 'jverryan7c@yellowpages.com', '84 Fordem Avenue');
insert into Guest (Name, Date_of_birth, Email, Address) values ('Bowie Bibby', '1982-10-30', 'bbibby7d@earthlink.net', '93 Grayhawk Parkway');
insert into Guest (Name, Date_of_birth, Email, Address) values ('West Bridgland', '2000-04-12', 'wbridgland7e@stanford.edu', '71662 Sundown Road');
insert into Guest (Name, Date_of_birth, Email, Address) values ('Amalita Ricciardelli', '1990-11-01', 'aricciardelli7f@who.int', '53 Spohn Point');
insert into Guest (Name, Date_of_birth, Email, Address) values ('Davita Bellam', '1998-10-02', 'dbellam7g@weibo.com', '461 Transport Street');
insert into Guest (Name, Date_of_birth, Email, Address) values ('Winne Maynard', '2005-06-15', 'wmaynard7h@pen.io', '6 Coolidge Court');
insert into Guest (Name, Date_of_birth, Email, Address) values ('Ricardo Lusher', '2009-11-10', 'rlusher7i@bloglovin.com', '0780 Merchant Way');
insert into Guest (Name, Date_of_birth, Email, Address) values ('Mercy Jikylls', '2008-10-22', 'mjikylls7j@blogger.com', '3414 Mitchell Junction');
insert into Guest (Name, Date_of_birth, Email, Address) values ('Moira Drinkall', '1988-07-14', 'mdrinkall7k@umich.edu', '219 American Park');
insert into Guest (Name, Date_of_birth, Email, Address) values ('Lanae Ianinotti', '1998-10-24', 'lianinotti7l@vk.com', '1192 Vernon Park');
insert into Guest (Name, Date_of_birth, Email, Address) values ('Lavinia Bavin', '2000-02-20', 'lbavin7m@homestead.com', '676 Waxwing Center');
insert into Guest (Name, Date_of_birth, Email, Address) values ('Cleopatra Kaming', '1997-09-03', 'ckaming7n@issuu.com', '795 Anderson Hill');
insert into Guest (Name, Date_of_birth, Email, Address) values ('La verne Tilston', '1981-06-25', 'lverne7o@csmonitor.com', '999 Orin Terrace');
insert into Guest (Name, Date_of_birth, Email, Address) values ('Agustin Relton', '1978-06-02', 'arelton7p@barnesandnoble.com', '41349 Schlimgen Court');
insert into Guest (Name, Date_of_birth, Email, Address) values ('Trenton Whardley', '1993-01-17', 'twhardley7q@meetup.com', '71 Gerald Road');
insert into Guest (Name, Date_of_birth, Email, Address) values ('Inge Ajsik', '1983-10-13', 'iajsik7r@yolasite.com', '9 Katie Trail');
insert into Guest (Name, Date_of_birth, Email, Address) values ('Chance Scantlebury', '1998-11-26', 'cscantlebury7s@wikia.com', '04043 Becker Court');
insert into Guest (Name, Date_of_birth, Email, Address) values ('Natalie Nafziger', '1995-12-25', 'nnafziger7t@clickbank.net', '72323 Pond Parkway');
insert into Guest (Name, Date_of_birth, Email, Address) values ('Ced Dunthorn', '2006-10-02', 'cdunthorn7u@a8.net', '300 Farragut Way');
insert into Guest (Name, Date_of_birth, Email, Address) values ('Myer Linn', '1978-03-13', 'mlinn7v@walmart.com', '8 Shasta Alley');
insert into Guest (Name, Date_of_birth, Email, Address) values ('Marchall Cumbes', '1983-08-17', 'mcumbes7w@redcross.org', '949 Dahle Pass');
insert into Guest (Name, Date_of_birth, Email, Address) values ('Phyllys Poston', '1991-12-12', 'pposton7x@bloglines.com', '12596 Carey Park');
insert into Guest (Name, Date_of_birth, Email, Address) values ('Marie Hammond', '1993-05-10', 'mhammond7y@businessinsider.com', '46 Schurz Road');
insert into Guest (Name, Date_of_birth, Email, Address) values ('Angelina Mouth', '1999-10-15', 'amouth7z@google.cn', '188 Red Cloud Lane');
insert into Guest (Name, Date_of_birth, Email, Address) values ('Renault Horsey', '1988-03-06', 'rhorsey80@hao123.com', '113 Maywood Parkway');
insert into Guest (Name, Date_of_birth, Email, Address) values ('Alexandrina Besse', '2010-09-05', 'abesse81@upenn.edu', '1 Corscot Trail');
insert into Guest (Name, Date_of_birth, Email, Address) values ('Jennee Acum', '1989-01-21', 'jacum82@gravatar.com', '19 Drewry Park');
insert into Guest (Name, Date_of_birth, Email, Address) values ('Bronnie Center', '2006-01-16', 'bcenter83@51.la', '12 Lotheville Hill');
insert into Guest (Name, Date_of_birth, Email, Address) values ('Grantham Ratazzi', '1998-03-18', 'gratazzi84@creativecommons.org', '7 Dovetail Place');
insert into Guest (Name, Date_of_birth, Email, Address) values ('Emmy Lewsley', '1999-03-09', 'elewsley85@hatena.ne.jp', '85663 Express Terrace');
insert into Guest (Name, Date_of_birth, Email, Address) values ('Caria Buncom', '1997-10-06', 'cbuncom86@google.it', '449 Graedel Trail');
insert into Guest (Name, Date_of_birth, Email, Address) values ('Brose Othen', '2003-09-16', 'bothen87@jimdo.com', '017 Mccormick Court');
insert into Guest (Name, Date_of_birth, Email, Address) values ('Minta Gommowe', '1991-10-31', 'mgommowe88@jiathis.com', '52359 Sutteridge Road');
insert into Guest (Name, Date_of_birth, Email, Address) values ('Nikoletta Lyosik', '2008-10-17', 'nlyosik89@blinklist.com', '6 Little Fleur Place');
insert into Guest (Name, Date_of_birth, Email, Address) values ('Paige McCaughen', '1993-05-22', 'pmccaughen8a@myspace.com', '64180 Moose Trail');
insert into Guest (Name, Date_of_birth, Email, Address) values ('Jae Page', '1986-03-06', 'jpage8b@nba.com', '17 Main Street');



insert into Requests (Date_issued, Date_fufilled, Request_specifications, Room_number, Employee_id) values ('2012-04-29', '2012-05-01', 'Nam ultrices, libero non mattis pulvinar, nulla pede ullamcorper augue, a suscipit nulla elit ac nulla.', 101, 18);
insert into Requests (Date_issued, Date_fufilled, Request_specifications, Room_number, Employee_id) values ('2012-04-29', '2012-05-01', 'Fusce congue, diam id ornare imperdiet, sapien urna pretium nisl, ut volutpat sapien arcu sed augue.', 39, 2);
insert into Requests (Date_issued, Date_fufilled, Request_specifications, Room_number, Employee_id) values ('2012-04-29', '2012-05-01', 'Integer pede justo, lacinia eget, tincidunt eget, tempus vel, pede.', 59, 2);
insert into Requests (Date_issued, Date_fufilled, Request_specifications, Room_number, Employee_id) values ('2012-04-29', '2012-05-01', 'Nullam porttitor lacus at turpis.', 87, 13);
insert into Requests (Date_issued, Date_fufilled, Request_specifications, Room_number, Employee_id) values ('2012-04-29', '2012-05-01', 'Quisque ut erat.', 115, 1);
insert into Requests (Date_issued, Date_fufilled, Request_specifications, Room_number, Employee_id) values ('2012-04-29', '2012-05-01', 'Duis consequat dui nec nisi volutpat eleifend.', 74, 20);
insert into Requests (Date_issued, Date_fufilled, Request_specifications, Room_number, Employee_id) values ('2012-04-29', '2012-05-01', 'Suspendisse ornare consequat lectus.', 9, 4);
insert into Requests (Date_issued, Date_fufilled, Request_specifications, Room_number, Employee_id) values ('2012-04-29', '2012-05-01', 'Suspendisse potenti.', 10, 18);
insert into Requests (Date_issued, Date_fufilled, Request_specifications, Room_number, Employee_id) values ('2012-04-29', '2012-05-01', 'Etiam justo.', 29, 19);
insert into Requests (Date_issued, Date_fufilled, Request_specifications, Room_number, Employee_id) values ('2012-04-29', '2012-05-01', 'Mauris lacinia sapien quis libero.', 3, 12);
insert into Requests (Date_issued, Date_fufilled, Request_specifications, Room_number, Employee_id) values ('2012-04-29', '2012-05-01', 'Vestibulum ante ipsum primis in faucibus orci luctus et ultrices posuere cubilia Curae; Donec pharetra, magna vestibulum aliquet ultrices, erat tortor sollicitudin mi, sit amet lobortis sapien sapien non mi.', 6, 10);
insert into Requests (Date_issued, Date_fufilled, Request_specifications, Room_number, Employee_id) values ('2012-04-29', '2012-05-01', 'Morbi vel lectus in quam fringilla rhoncus.', 33, 2);
insert into Requests (Date_issued, Date_fufilled, Request_specifications, Room_number, Employee_id) values ('2012-04-29', '2012-05-01', 'Vestibulum ante ipsum primis in faucibus orci luctus et ultrices posuere cubilia Curae; Mauris viverra diam vitae quam.', 95, 19);
insert into Requests (Date_issued, Date_fufilled, Request_specifications, Room_number, Employee_id) values ('2012-04-29', '2012-05-01', 'Donec semper sapien a libero.', 84, 14);
insert into Requests (Date_issued, Date_fufilled, Request_specifications, Room_number, Employee_id) values ('2012-04-29', '2012-05-01', 'Integer aliquet, massa id lobortis convallis, tortor risus dapibus augue, vel accumsan tellus nisi eu orci.', 99, 16);
insert into Requests (Date_issued, Date_fufilled, Request_specifications, Room_number, Employee_id) values ('2012-04-29', '2012-05-01', 'Curabitur convallis.', 17, 10);
insert into Requests (Date_issued, Date_fufilled, Request_specifications, Room_number, Employee_id) values ('2012-04-29', '2012-05-01', 'Nulla tempus.', 15, 10);
insert into Requests (Date_issued, Date_fufilled, Request_specifications, Room_number, Employee_id) values ('2012-04-29', '2012-05-01', 'Duis consequat dui nec nisi volutpat eleifend.', 60, 10);
insert into Requests (Date_issued, Date_fufilled, Request_specifications, Room_number, Employee_id) values ('2012-04-29', '2012-05-01', 'Donec diam neque, vestibulum eget, vulputate ut, ultrices vel, augue.', 38, 6);
insert into Requests (Date_issued, Date_fufilled, Request_specifications, Room_number, Employee_id) values ('2012-04-29', '2012-05-01', 'Phasellus sit amet erat.', 70, 14);

insert into Reservations (Check_in, Check_out, Guest_id) values ('2012-04-29', '2012-05-01', 66);
insert into Reservations (Check_in, Check_out, Guest_id) values ('2012-04-29', '2012-05-01', 266);
insert into Reservations (Check_in, Check_out, Guest_id) values ('2012-04-29', '2012-05-01', 198);
insert into Reservations (Check_in, Check_out, Guest_id) values ('2012-04-29', '2012-05-01', 29);
insert into Reservations (Check_in, Check_out, Guest_id) values ('2012-04-29', '2012-05-01', 271);
insert into Reservations (Check_in, Check_out, Guest_id) values ('2012-04-29', '2012-05-01', 111);
insert into Reservations (Check_in, Check_out, Guest_id) values ('2012-04-29', '2012-05-01', 60);
insert into Reservations (Check_in, Check_out, Guest_id) values ('2012-04-29', '2012-05-01', 239);
insert into Reservations (Check_in, Check_out, Guest_id) values ('2012-04-29', '2012-05-01', 19);
insert into Reservations (Check_in, Check_out, Guest_id) values ('2012-04-29', '2012-05-01', 47);
insert into Reservations (Check_in, Check_out, Guest_id) values ('2012-04-29', '2012-05-01', 69);
insert into Reservations (Check_in, Check_out, Guest_id) values ('2012-04-29', '2012-05-01', 126);
insert into Reservations (Check_in, Check_out, Guest_id) values ('2012-04-29', '2012-05-01', 193);
insert into Reservations (Check_in, Check_out, Guest_id) values ('2012-04-29', '2012-05-01', 245);
insert into Reservations (Check_in, Check_out, Guest_id) values ('2012-04-29', '2012-05-01', 166);
insert into Reservations (Check_in, Check_out, Guest_id) values ('2012-04-29', '2012-05-01', 11);
insert into Reservations (Check_in, Check_out, Guest_id) values ('2012-04-29', '2012-05-01', 276);
insert into Reservations (Check_in, Check_out, Guest_id) values ('2012-04-29', '2012-05-01', 108);
insert into Reservations (Check_in, Check_out, Guest_id) values ('2012-04-29', '2012-05-01', 54);
insert into Reservations (Check_in, Check_out, Guest_id) values ('2012-04-29', '2012-05-01', 200);


insert into ARE_SERVED_BY (Employee_id, Room_number) values (67, 94);
insert into ARE_SERVED_BY (Employee_id, Room_number) values (63, 75);
insert into ARE_SERVED_BY (Employee_id, Room_number) values (63, 83);
insert into ARE_SERVED_BY (Employee_id, Room_number) values (41, 64);
insert into ARE_SERVED_BY (Employee_id, Room_number) values (60, 20);
insert into ARE_SERVED_BY (Employee_id, Room_number) values (75, 86);
insert into ARE_SERVED_BY (Employee_id, Room_number) values (72, 8);
insert into ARE_SERVED_BY (Employee_id, Room_number) values (49, 18);
insert into ARE_SERVED_BY (Employee_id, Room_number) values (31, 48);
insert into ARE_SERVED_BY (Employee_id, Room_number) values (66, 94);
insert into ARE_SERVED_BY (Employee_id, Room_number) values (73, 46);
insert into ARE_SERVED_BY (Employee_id, Room_number) values (31, 50);
insert into ARE_SERVED_BY (Employee_id, Room_number) values (12, 24);
insert into ARE_SERVED_BY (Employee_id, Room_number) values (53, 102);
insert into ARE_SERVED_BY (Employee_id, Room_number) values (40, 79);
insert into ARE_SERVED_BY (Employee_id, Room_number) values (21, 114);
insert into ARE_SERVED_BY (Employee_id, Room_number) values (33, 61);
insert into ARE_SERVED_BY (Employee_id, Room_number) values (48, 12);
insert into ARE_SERVED_BY (Employee_id, Room_number) values (73, 7);
insert into ARE_SERVED_BY (Employee_id, Room_number) values (32, 54);


insert into UPKEEPS (Employee_id, Floor_number) values (19, 9);
insert into UPKEEPS (Employee_id, Floor_number) values (46, 4);
insert into UPKEEPS (Employee_id, Floor_number) values (72, 5);
insert into UPKEEPS (Employee_id, Floor_number) values (75, 2);
insert into UPKEEPS (Employee_id, Floor_number) values (75, 1);
insert into UPKEEPS (Employee_id, Floor_number) values (22, 2);
insert into UPKEEPS (Employee_id, Floor_number) values (5, 9);
insert into UPKEEPS (Employee_id, Floor_number) values (49, 1);
insert into UPKEEPS (Employee_id, Floor_number) values (9, 2);
insert into UPKEEPS (Employee_id, Floor_number) values (78, 12);
insert into UPKEEPS (Employee_id, Floor_number) values (77, 1);
insert into UPKEEPS (Employee_id, Floor_number) values (26, 4);
insert into UPKEEPS (Employee_id, Floor_number) values (45, 7);
insert into UPKEEPS (Employee_id, Floor_number) values (40, 10);
insert into UPKEEPS (Employee_id, Floor_number) values (67, 11);
insert into UPKEEPS (Employee_id, Floor_number) values (6, 8);
insert into UPKEEPS (Employee_id, Floor_number) values (75, 8);
insert into UPKEEPS (Employee_id, Floor_number) values (20, 5);
insert into UPKEEPS (Employee_id, Floor_number) values (69, 5);
insert into UPKEEPS (Employee_id, Floor_number) values (15, 11);

insert into BOOKING (Guest_id, Room_number, Booking_id) values (79, 47, 1);
insert into BOOKING (Guest_id, Room_number, Booking_id) values (62, 92, 2);
insert into BOOKING (Guest_id, Room_number, Booking_id) values (53, 90, 3);
insert into BOOKING (Guest_id, Room_number, Booking_id) values (38, 105, 4);
insert into BOOKING (Guest_id, Room_number, Booking_id) values (69, 59, 5);
insert into BOOKING (Guest_id, Room_number, Booking_id) values (45, 9, 6);
insert into BOOKING (Guest_id, Room_number, Booking_id) values (53, 101, 7);
insert into BOOKING (Guest_id, Room_number, Booking_id) values (33, 56, 8);
insert into BOOKING (Guest_id, Room_number, Booking_id) values (28, 59, 9);
insert into BOOKING (Guest_id, Room_number, Booking_id) values (39, 46, 10);
insert into BOOKING (Guest_id, Room_number, Booking_id) values (8, 22, 11);
insert into BOOKING (Guest_id, Room_number, Booking_id) values (41, 111, 12);
insert into BOOKING (Guest_id, Room_number, Booking_id) values (72, 111, 13);
insert into BOOKING (Guest_id, Room_number, Booking_id) values (20, 108, 14);
insert into BOOKING (Guest_id, Room_number, Booking_id) values (42, 51, 15);
insert into BOOKING (Guest_id, Room_number, Booking_id) values (14, 56, 16);
insert into BOOKING (Guest_id, Room_number, Booking_id) values (31, 43, 17);
insert into BOOKING (Guest_id, Room_number, Booking_id) values (79, 36, 18);
insert into BOOKING (Guest_id, Room_number, Booking_id) values (78, 96, 19);
insert into BOOKING (Guest_id, Room_number, Booking_id) values (31, 70, 20);

insert into ARE_MANAGED_BY (Employee_id, Floor_number) values (71, 1);
insert into ARE_MANAGED_BY (Employee_id, Floor_number) values (72, 2);
insert into ARE_MANAGED_BY (Employee_id, Floor_number) values (73, 3);
insert into ARE_MANAGED_BY (Employee_id, Floor_number) values (73, 4);
insert into ARE_MANAGED_BY (Employee_id, Floor_number) values (74, 5);
insert into ARE_MANAGED_BY (Employee_id, Floor_number) values (75, 6);
insert into ARE_MANAGED_BY (Employee_id, Floor_number) values (76, 7);
insert into ARE_MANAGED_BY (Employee_id, Floor_number) values (77, 8);
insert into ARE_MANAGED_BY (Employee_id, Floor_number) values (77, 9);
insert into ARE_MANAGED_BY (Employee_id, Floor_number) values (78, 10);
insert into ARE_MANAGED_BY (Employee_id, Floor_number) values (79, 11);
insert into ARE_MANAGED_BY (Employee_id, Floor_number) values (80, 12);



