USE hoteldb;

#Floors
insert into Floor (Floor_number, Ameneties) values (1, 'Restaurant');
insert into Floor (Floor_number, Ameneties) values (2, 'Banquet Hall');
insert into Floor (Floor_number, Ameneties) values (3, 'Fitness Center');
insert into Floor (Floor_number, Ameneties) values (4, 'Meeting Rooms');
insert into Floor (Floor_number, Ameneties) values (5, 'Recreational Room');
insert into Floor (Floor_number) values (6, 'Spa');
insert into Floor (Floor_number) values (7);
insert into Floor (Floor_number, Ameneties) values (8, 'Pool');
insert into Floor (Floor_number) values (9);
insert into Floor (Floor_number, Ameneties) values (10, 'Terrace');
insert into Floor (Floor_number) values (11);
insert into Floor (Floor_number, Ameneties) values (12, 'Reserved for Presidential Suite');

#Floor 1 Rooms 1-8
insert into Room (Room_number, Room_type, Occupancy,  Daily_room_cost, Floor_number) values (1, 'Twin', 2, 100, 1);
insert into Room (Room_number, Room_type, Occupancy,  Daily_room_cost, Floor_number) values (2, 'Twin', 2, 100, 1);
insert into Room (Room_number, Room_type, Occupancy,  Daily_room_cost, Floor_number) values (3, 'Queen', 4, 130, 1);
insert into Room (Room_number, Room_type, Occupancy,  Daily_room_cost, Floor_number) values (4, 'Queen', 4, 130, 1);
insert into Room (Room_number, Room_type, Occupancy,  Daily_room_cost, Floor_number) values (5, 'King', 2, 115, 1);
insert into Room (Room_number, Room_type, Occupancy,  Daily_room_cost, Floor_number) values (6, 'King', 2, 115, 1);
insert into Room (Room_number, Room_type, Occupancy,  Daily_room_cost, Floor_number) values (7, 'Standard Suite', 8, 250, 1);
insert into Room (Room_number, Room_type, Occupancy,  Daily_room_cost, Floor_number) values (8, 'Standard Suite', 8, 250, 1);

#Floor 2 Rooms 9-20
insert into Room (Room_number, Room_type, Occupancy,  Daily_room_cost, Floor_number) values (9, 'Twin', 2, 100, 2);
insert into Room (Room_number, Room_type, Occupancy,  Daily_room_cost, Floor_number) values (10, 'Twin', 2, 100, 2);
insert into Room (Room_number, Room_type, Occupancy,  Daily_room_cost, Floor_number) values (11, 'Twin', 2, 100, 2);
insert into Room (Room_number, Room_type, Occupancy,  Daily_room_cost, Floor_number) values (12, 'Twin', 2, 100, 2);
insert into Room (Room_number, Room_type, Occupancy,  Daily_room_cost, Floor_number) values (13, 'Queen', 4, 130, 2);
insert into Room (Room_number, Room_type, Occupancy,  Daily_room_cost, Floor_number) values (14, 'Queen', 4, 130, 2);
insert into Room (Room_number, Room_type, Occupancy,  Daily_room_cost, Floor_number) values (15, 'King', 4, 115, 2);
insert into Room (Room_number, Room_type, Occupancy,  Daily_room_cost, Floor_number) values (16, 'King', 4, 115, 2);
insert into Room (Room_number, Room_type, Occupancy,  Daily_room_cost, Floor_number) values (17, 'Queen', 4, 130, 2);
insert into Room (Room_number, Room_type, Occupancy,  Daily_room_cost, Floor_number) values (18, 'Queen', 4, 130, 2);
insert into Room (Room_number, Room_type, Occupancy,  Daily_room_cost, Floor_number) values (19, 'Standard Suite', 8, 250, 2);
insert into Room (Room_number, Room_type, Occupancy,  Daily_room_cost, Floor_number) values (20, 'Standard Suite', 8, 250, 2);

#Floor 3 Rooms 21-34
insert into Room (Room_number, Room_type, Occupancy,  Daily_room_cost, Floor_number) values (21, 'Twin', 2, 100, 3);
insert into Room (Room_number, Room_type, Occupancy,  Daily_room_cost, Floor_number) values (22, 'Twin', 2, 100, 3);
insert into Room (Room_number, Room_type, Occupancy,  Daily_room_cost, Floor_number) values (23, 'Twin', 2, 100, 3);
insert into Room (Room_number, Room_type, Occupancy,  Daily_room_cost, Floor_number) values (24, 'Twin', 2, 100, 3);
insert into Room (Room_number, Room_type, Occupancy,  Daily_room_cost, Floor_number) values (25, 'Standard Suite', 8, 250, 3);
insert into Room (Room_number, Room_type, Occupancy,  Daily_room_cost, Floor_number) values (26, 'Standard Suite', 8, 250, 3);
insert into Room (Room_number, Room_type, Occupancy,  Daily_room_cost, Floor_number) values (27, 'King', 2, 115, 3);
insert into Room (Room_number, Room_type, Occupancy,  Daily_room_cost, Floor_number) values (28, 'King', 2, 115, 3);
insert into Room (Room_number, Room_type, Occupancy,  Daily_room_cost, Floor_number) values (29, 'Queen', 4, 130, 3);
insert into Room (Room_number, Room_type, Occupancy,  Daily_room_cost, Floor_number) values (30, 'Queen', 4, 130, 3);
insert into Room (Room_number, Room_type, Occupancy,  Daily_room_cost, Floor_number) values (31, 'Queen', 4, 130, 3);
insert into Room (Room_number, Room_type, Occupancy,  Daily_room_cost, Floor_number) values (32, 'Queen', 4, 130, 3);
insert into Room (Room_number, Room_type, Occupancy,  Daily_room_cost, Floor_number) values (33, 'Queen', 4, 130, 3);
insert into Room (Room_number, Room_type, Occupancy,  Daily_room_cost, Floor_number) values (34, 'Queen', 4, 130, 3);

#Floor 4 Rooms 35-48
insert into Room (Room_number, Room_type, Occupancy,  Daily_room_cost, Floor_number) values (35, 'Twin', 2, 100, 4);
insert into Room (Room_number, Room_type, Occupancy,  Daily_room_cost, Floor_number) values (36, 'Twin', 2, 100, 4);
insert into Room (Room_number, Room_type, Occupancy,  Daily_room_cost, Floor_number) values (37, 'Twin', 2, 100, 4);
insert into Room (Room_number, Room_type, Occupancy,  Daily_room_cost, Floor_number) values (38, 'Twin', 2, 100, 4);
insert into Room (Room_number, Room_type, Occupancy,  Daily_room_cost, Floor_number) values (39, 'Standard Suite', 8, 250, 4);
insert into Room (Room_number, Room_type, Occupancy,  Daily_room_cost, Floor_number) values (40, 'Standard Suite', 8, 250, 4);
insert into Room (Room_number, Room_type, Occupancy,  Daily_room_cost, Floor_number) values (41, 'King', 2, 115, 4);
insert into Room (Room_number, Room_type, Occupancy,  Daily_room_cost, Floor_number) values (42, 'King', 2, 115, 4);
insert into Room (Room_number, Room_type, Occupancy,  Daily_room_cost, Floor_number) values (43, 'Queen', 4, 130, 4);
insert into Room (Room_number, Room_type, Occupancy,  Daily_room_cost, Floor_number) values (44, 'Queen', 4, 130, 4);
insert into Room (Room_number, Room_type, Occupancy,  Daily_room_cost, Floor_number) values (45, 'Queen', 4, 130, 4);
insert into Room (Room_number, Room_type, Occupancy,  Daily_room_cost, Floor_number) values (46, 'Queen', 4, 130, 4);
insert into Room (Room_number, Room_type, Occupancy,  Daily_room_cost, Floor_number) values (47, 'Queen', 4, 130, 4);
insert into Room (Room_number, Room_type, Occupancy,  Daily_room_cost, Floor_number) values (48, 'Queen', 4, 130, 4);

#Floor 5 Rooms 49-62
insert into Room (Room_number, Room_type, Occupancy,  Daily_room_cost, Floor_number) values (49, 'Twin', 2, 100, 5);
insert into Room (Room_number, Room_type, Occupancy,  Daily_room_cost, Floor_number) values (50, 'Twin', 2, 100, 5);
insert into Room (Room_number, Room_type, Occupancy,  Daily_room_cost, Floor_number) values (51, 'Twin', 2, 100, 5);
insert into Room (Room_number, Room_type, Occupancy,  Daily_room_cost, Floor_number) values (52, 'Twin', 2, 100, 5);
insert into Room (Room_number, Room_type, Occupancy,  Daily_room_cost, Floor_number) values (53, 'Standard Suite', 8, 250, 5);
insert into Room (Room_number, Room_type, Occupancy,  Daily_room_cost, Floor_number) values (54, 'Standard Suite', 8, 250, 5);
insert into Room (Room_number, Room_type, Occupancy,  Daily_room_cost, Floor_number) values (55, 'King', 2, 115, 5);
insert into Room (Room_number, Room_type, Occupancy,  Daily_room_cost, Floor_number) values (56, 'King', 2, 115, 5);
insert into Room (Room_number, Room_type, Occupancy,  Daily_room_cost, Floor_number) values (57, 'Queen', 4, 130, 5);
insert into Room (Room_number, Room_type, Occupancy,  Daily_room_cost, Floor_number) values (58, 'Queen', 4, 130, 5);
insert into Room (Room_number, Room_type, Occupancy,  Daily_room_cost, Floor_number) values (59, 'Queen', 4, 130, 5);
insert into Room (Room_number, Room_type, Occupancy,  Daily_room_cost, Floor_number) values (60, 'Queen', 4, 130, 5);
insert into Room (Room_number, Room_type, Occupancy,  Daily_room_cost, Floor_number) values (61, 'Queen', 4, 130, 5);
insert into Room (Room_number, Room_type, Occupancy,  Daily_room_cost, Floor_number) values (62, 'Queen', 4, 130, 5);

#Floor 6 Rooms 63-76
insert into Room (Room_number, Room_type, Occupancy,  Daily_room_cost, Floor_number) values (63, 'Twin', 2, 100, 6);
insert into Room (Room_number, Room_type, Occupancy,  Daily_room_cost, Floor_number) values (64, 'Twin', 2, 100, 6);
insert into Room (Room_number, Room_type, Occupancy,  Daily_room_cost, Floor_number) values (65, 'Twin', 2, 100, 6);
insert into Room (Room_number, Room_type, Occupancy,  Daily_room_cost, Floor_number) values (66, 'Twin', 2, 100, 6);
insert into Room (Room_number, Room_type, Occupancy,  Daily_room_cost, Floor_number) values (67, 'Standard Suite', 8, 250, 6);
insert into Room (Room_number, Room_type, Occupancy,  Daily_room_cost, Floor_number) values (68, 'Standard Suite', 8, 250, 6);
insert into Room (Room_number, Room_type, Occupancy,  Daily_room_cost, Floor_number) values (69, 'King', 2, 115, 6);
insert into Room (Room_number, Room_type, Occupancy,  Daily_room_cost, Floor_number) values (70, 'King', 2, 115, 6);
insert into Room (Room_number, Room_type, Occupancy,  Daily_room_cost, Floor_number) values (71, 'Queen', 4, 130, 6);
insert into Room (Room_number, Room_type, Occupancy,  Daily_room_cost, Floor_number) values (72, 'Queen', 4, 130, 6);
insert into Room (Room_number, Room_type, Occupancy,  Daily_room_cost, Floor_number) values (73, 'Queen', 4, 130, 6);
insert into Room (Room_number, Room_type, Occupancy,  Daily_room_cost, Floor_number) values (74, 'Queen', 4, 130, 6);
insert into Room (Room_number, Room_type, Occupancy,  Daily_room_cost, Floor_number) values (75, 'Queen', 4, 130, 6);
insert into Room (Room_number, Room_type, Occupancy,  Daily_room_cost, Floor_number) values (76, 'Queen', 4, 130, 6);

#Floor 7 Rooms 77-90
insert into Room (Room_number, Room_type, Occupancy,  Daily_room_cost, Floor_number) values (77, 'Twin', 2, 100, 7);
insert into Room (Room_number, Room_type, Occupancy,  Daily_room_cost, Floor_number) values (78, 'Twin', 2, 100, 7);
insert into Room (Room_number, Room_type, Occupancy,  Daily_room_cost, Floor_number) values (79, 'Twin', 2, 100, 7);
insert into Room (Room_number, Room_type, Occupancy,  Daily_room_cost, Floor_number) values (80, 'Twin', 2, 100, 7);
insert into Room (Room_number, Room_type, Occupancy,  Daily_room_cost, Floor_number) values (81, 'Standard Suite', 8, 250, 7);
insert into Room (Room_number, Room_type, Occupancy,  Daily_room_cost, Floor_number) values (82, 'Standard Suite', 8, 250, 7);
insert into Room (Room_number, Room_type, Occupancy,  Daily_room_cost, Floor_number) values (83, 'King', 2, 115, 7);
insert into Room (Room_number, Room_type, Occupancy,  Daily_room_cost, Floor_number) values (84, 'King', 2, 115, 7);
insert into Room (Room_number, Room_type, Occupancy,  Daily_room_cost, Floor_number) values (85, 'Queen', 4, 130, 7);
insert into Room (Room_number, Room_type, Occupancy,  Daily_room_cost, Floor_number) values (86, 'Queen', 4, 130, 7);
insert into Room (Room_number, Room_type, Occupancy,  Daily_room_cost, Floor_number) values (87, 'Queen', 4, 130, 7);
insert into Room (Room_number, Room_type, Occupancy,  Daily_room_cost, Floor_number) values (88, 'Queen', 4, 130, 7);
insert into Room (Room_number, Room_type, Occupancy,  Daily_room_cost, Floor_number) values (89, 'Queen', 4, 130, 7);
insert into Room (Room_number, Room_type, Occupancy,  Daily_room_cost, Floor_number) values (90, 'Queen', 4, 130, 7);

#Floor 8 Rooms 91-104
insert into Room (Room_number, Room_type, Occupancy,  Daily_room_cost, Floor_number) values (91, 'Twin', 2, 100, 8);
insert into Room (Room_number, Room_type, Occupancy,  Daily_room_cost, Floor_number) values (92, 'Twin', 2, 100, 8);
insert into Room (Room_number, Room_type, Occupancy,  Daily_room_cost, Floor_number) values (93, 'Twin', 2, 100, 8);
insert into Room (Room_number, Room_type, Occupancy,  Daily_room_cost, Floor_number) values (94, 'Twin', 2, 100, 8);
insert into Room (Room_number, Room_type, Occupancy,  Daily_room_cost, Floor_number) values (95, 'Standard Suite', 8, 250, 8);
insert into Room (Room_number, Room_type, Occupancy,  Daily_room_cost, Floor_number) values (96, 'Standard Suite', 8, 250, 8);
insert into Room (Room_number, Room_type, Occupancy,  Daily_room_cost, Floor_number) values (97, 'King', 2, 115, 8);
insert into Room (Room_number, Room_type, Occupancy,  Daily_room_cost, Floor_number) values (98, 'King', 2, 115, 8);
insert into Room (Room_number, Room_type, Occupancy,  Daily_room_cost, Floor_number) values (99, 'Queen', 4, 130, 8);
insert into Room (Room_number, Room_type, Occupancy,  Daily_room_cost, Floor_number) values (100, 'Queen', 4, 130, 8);
insert into Room (Room_number, Room_type, Occupancy,  Daily_room_cost, Floor_number) values (101, 'Queen', 4, 130, 8);
insert into Room (Room_number, Room_type, Occupancy,  Daily_room_cost, Floor_number) values (102, 'Queen', 4, 130, 8);
insert into Room (Room_number, Room_type, Occupancy,  Daily_room_cost, Floor_number) values (103, 'Queen', 4, 130, 8);
insert into Room (Room_number, Room_type, Occupancy,  Daily_room_cost, Floor_number) values (104, 'Queen', 4, 130, 8);

#Floor 9 Rooms 105-114
insert into Room (Room_number, Room_type, Occupancy,  Daily_room_cost, Floor_number) values (105, 'Standard Suite', 8, 250, 9);
insert into Room (Room_number, Room_type, Occupancy,  Daily_room_cost, Floor_number) values (106, 'Standard Suite', 8, 250, 9);
insert into Room (Room_number, Room_type, Occupancy,  Daily_room_cost, Floor_number) values (107, 'Twin', 2, 100, 9);
insert into Room (Room_number, Room_type, Occupancy,  Daily_room_cost, Floor_number) values (108, 'Twin', 2, 100, 9);
insert into Room (Room_number, Room_type, Occupancy,  Daily_room_cost, Floor_number) values (109, 'King', 2, 115, 9);
insert into Room (Room_number, Room_type, Occupancy,  Daily_room_cost, Floor_number) values (110, 'King', 2, 115, 9);
insert into Room (Room_number, Room_type, Occupancy,  Daily_room_cost, Floor_number) values (111, 'Queen', 4, 130, 9);
insert into Room (Room_number, Room_type, Occupancy,  Daily_room_cost, Floor_number) values (112, 'Queen', 4, 130, 9);
insert into Room (Room_number, Room_type, Occupancy,  Daily_room_cost, Floor_number) values (113, 'Standard Suite', 8, 250, 9);
insert into Room (Room_number, Room_type, Occupancy,  Daily_room_cost, Floor_number) values (114, 'Standard Suite', 8, 250, 9);

#Floor 10 Rooms 115-124
insert into Room (Room_number, Room_type, Occupancy,  Daily_room_cost, Floor_number) values (115, 'Standard Suite', 8, 250, 10);
insert into Room (Room_number, Room_type, Occupancy,  Daily_room_cost, Floor_number) values (116, 'Standard Suite', 8, 250, 10);
insert into Room (Room_number, Room_type, Occupancy,  Daily_room_cost, Floor_number) values (117, 'Twin', 2, 100, 10);
insert into Room (Room_number, Room_type, Occupancy,  Daily_room_cost, Floor_number) values (118, 'Twin', 2, 100, 10);
insert into Room (Room_number, Room_type, Occupancy,  Daily_room_cost, Floor_number) values (119, 'King', 2, 115, 10);
insert into Room (Room_number, Room_type, Occupancy,  Daily_room_cost, Floor_number) values (120, 'King', 2, 115, 10);
insert into Room (Room_number, Room_type, Occupancy,  Daily_room_cost, Floor_number) values (121, 'Queen', 4, 130, 10);
insert into Room (Room_number, Room_type, Occupancy,  Daily_room_cost, Floor_number) values (122, 'Queen', 4, 130, 10);
insert into Room (Room_number, Room_type, Occupancy,  Daily_room_cost, Floor_number) values (123, 'Standard Suite', 8, 250, 10);
insert into Room (Room_number, Room_type, Occupancy,  Daily_room_cost, Floor_number) values (124, 'Standard Suite', 8, 250, 10);

#Floor 11 Rooms 125-134
insert into Room (Room_number, Room_type, Occupancy,  Daily_room_cost, Floor_number) values (125, 'Standard Suite', 8, 250, 11);
insert into Room (Room_number, Room_type, Occupancy,  Daily_room_cost, Floor_number) values (126, 'Standard Suite', 8, 250, 11);
insert into Room (Room_number, Room_type, Occupancy,  Daily_room_cost, Floor_number) values (127, 'Twin', 2, 100, 11);
insert into Room (Room_number, Room_type, Occupancy,  Daily_room_cost, Floor_number) values (128, 'Twin', 2, 100, 11);
insert into Room (Room_number, Room_type, Occupancy,  Daily_room_cost, Floor_number) values (129, 'King', 2, 115, 11);
insert into Room (Room_number, Room_type, Occupancy,  Daily_room_cost, Floor_number) values (130, 'King', 2, 115, 11);
insert into Room (Room_number, Room_type, Occupancy,  Daily_room_cost, Floor_number) values (131, 'Queen', 4, 130, 11);
insert into Room (Room_number, Room_type, Occupancy,  Daily_room_cost, Floor_number) values (132, 'Queen', 4, 130, 11);
insert into Room (Room_number, Room_type, Occupancy,  Daily_room_cost, Floor_number) values (133, 'Standard Suite', 8, 250, 11);
insert into Room (Room_number, Room_type, Occupancy,  Daily_room_cost, Floor_number) values (134, 'Standard Suite', 8, 250, 11);

#Floor 12 Presedential Suite/Room 135
insert into Room (Room_number, Room_type, Occupancy,  Daily_room_cost, Floor_number) values (135, 'Presidential Suite', 12, 1000, 12);

#Employee List
insert into Employee (Name, Gender, Phone_number, Date_of_birth, Email, Address ) values ('Deirdre Hardaway', 'Female', '5883166677', '1995-04-27', 'dhardaway0@geocities.jp', '4 Cody Way');
insert into Employee (Name, Gender, Phone_number, Date_of_birth, Email, Address ) values ('Jonas Jollie', 'Male', '2252403516', '1974-12-16', 'jjollie1@geocities.jp', '1 Hanover Road');
insert into Employee (Name, Gender, Phone_number, Date_of_birth, Email, Address ) values ('Bary Keese', 'Male', '7599157154', '1970-05-25', 'bkeese2@prweb.com', '7 Clove Lane');
insert into Employee (Name, Gender, Phone_number, Date_of_birth, Email, Address ) values ('Loydie Dallin', 'Male', '8542098045', '2002-07-15', 'ldallin3@digg.com', '46614 Dennis Road');
insert into Employee (Name, Gender, Phone_number, Date_of_birth, Email, Address ) values ('Maximo Klimpt', 'Male', '5756538300', '1991-12-14', 'mklimpt4@illinois.edu', '5 Crownhardt Pass');
insert into Employee (Name, Gender, Phone_number, Date_of_birth, Email, Address ) values ('Randall Twigg', 'Male', '5771746445', '2000-07-23', 'rtwigg5@bandcamp.com', '8 Helena Drive');
insert into Employee (Name, Gender, Phone_number, Date_of_birth, Email, Address ) values ('Glad Wardesworth', 'Female', '1426689355', '1998-06-20', 'gwardesworth6@businessweek.com', '2 Pankratz Parkway');
insert into Employee (Name, Gender, Phone_number, Date_of_birth, Email, Address ) values ('Cristiano Schoenrock', 'Male', '4024295480', '1977-06-30', 'cschoenrock7@tinyurl.com', '70773 Londonderry Drive');
insert into Employee (Name, Gender, Phone_number, Date_of_birth, Email, Address ) values ('Nolan Opdenorth', 'Male', '3134839150', '1976-12-03', 'nopdenorth8@apache.org', '794 Nova Circle');
insert into Employee (Name, Gender, Phone_number, Date_of_birth, Email, Address ) values ('Tammie Mussared', 'Male', '7635575175', '1993-08-17', 'tmussared9@msn.com', '76738 Buhler Park');
insert into Employee (Name, Gender, Phone_number, Date_of_birth, Email, Address ) values ('Abey Maddicks', 'Male', '1665402619', '1988-06-17', 'amaddicksa@com.com', '40 Sachtjen Trail');
insert into Employee (Name, Gender, Phone_number, Date_of_birth, Email, Address ) values ('Mildred Bilton', 'Female', '9789174628', '1973-09-30', 'mbiltonb@vinaora.com', '3747 Northview Way');
insert into Employee (Name, Gender, Phone_number, Date_of_birth, Email, Address ) values ('Bobbie Hirthe', 'Male', '6655303830', '1994-04-24', 'bhirthec@techcrunch.com', '51 Arizona Way');
insert into Employee (Name, Gender, Phone_number, Date_of_birth, Email, Address ) values ('Chrissie Veljes', 'Female', '7641344245', '1980-09-23', 'cveljesd@hhs.gov', '03967 Quincy Court');
insert into Employee (Name, Gender, Phone_number, Date_of_birth, Email, Address ) values ('Knox MacCaghan', 'Male', '4411946609', '1978-05-23', 'kmaccaghane@networkadvertising.org', '7898 Warbler Drive');
insert into Employee (Name, Gender, Phone_number, Date_of_birth, Email, Address ) values ('Ebeneser Nuttey', 'Male', '1597145538', '1974-06-19', 'enutteyf@china.com.cn', '83 Coolidge Avenue');
insert into Employee (Name, Gender, Phone_number, Date_of_birth, Email, Address ) values ('Melony Vickerstaff', 'Female', '9903385863', '2004-01-06', 'mvickerstaffg@ameblo.jp', '2 Spaight Place');
insert into Employee (Name, Gender, Phone_number, Date_of_birth, Email, Address ) values ('Nydia Nichols', 'Female', '5658949601', '1971-02-08', 'nnicholsh@mail.ru', '086 Sunbrook Alley');
insert into Employee (Name, Gender, Phone_number, Date_of_birth, Email, Address ) values ('Paco Radcliffe', 'Male', '7452015968', '1983-05-09', 'pradcliffei@netvibes.com', '0641 Straubel Parkway');
insert into Employee (Name, Gender, Phone_number, Date_of_birth, Email, Address ) values ('Alessandro Crame', 'Male', '1884106113', '1977-01-08', 'acramej@webmd.com', '97 1st Hill');
insert into Employee (Name, Gender, Phone_number, Date_of_birth, Email, Address ) values ('Anthiathia Plom', 'Female', '7166507391', '1991-07-15', 'aplomk@mtv.com', '061 Annamark Trail');
insert into Employee (Name, Gender, Phone_number, Date_of_birth, Email, Address ) values ('Lilli MacCafferky', 'Female', '7776112996', '1977-04-20', 'lmaccafferkyl@berkeley.edu', '4 Dakota Court');
insert into Employee (Name, Gender, Phone_number, Date_of_birth, Email, Address ) values ('Crosby Phillps', 'Male', '5171641919', '1978-07-08', 'cphillpsm@123-reg.co.uk', '4 Lawn Park');
insert into Employee (Name, Gender, Phone_number, Date_of_birth, Email, Address ) values ('Claudette Grabbam', 'Female', '1615007179', '2004-02-08', 'cgrabbamn@yellowpages.com', '244 Paget Trail');
insert into Employee (Name, Gender, Phone_number, Date_of_birth, Email, Address ) values ('Ferrel Di Gregorio', 'Male', '7871308549', '1986-05-29', 'fdio@yale.edu', '7 Buhler Hill');
insert into Employee (Name, Gender, Phone_number, Date_of_birth, Email, Address ) values ('Deb Stubbe', 'Female', '5009587199', '1978-10-21', 'dstubbep@ning.com', '7 Huxley Court');
insert into Employee (Name, Gender, Phone_number, Date_of_birth, Email, Address ) values ('Mamie Tutill', 'Female', '5955348979', '1990-01-03', 'mtutillq@virginia.edu', '680 Moulton Trail');
insert into Employee (Name, Gender, Phone_number, Date_of_birth, Email, Address ) values ('Evvy Ricoald', 'Female', '8204158135', '1992-08-24', 'ericoaldr@networksolutions.com', '6082 4th Center');
insert into Employee (Name, Gender, Phone_number, Date_of_birth, Email, Address ) values ('Cullen Osbaldeston', 'Male', '1224077534', '1999-10-08', 'cosbaldestons@posterous.com', '1850 Union Drive');
insert into Employee (Name, Gender, Phone_number, Date_of_birth, Email, Address ) values ('Conrade Berryman', 'Male', '1615426878', '1986-02-23', 'cberrymant@columbia.edu', '838 South Hill');
insert into Employee (Name, Gender, Phone_number, Date_of_birth, Email, Address ) values ('Khalil Nestor', 'Male', '8261116788', '1978-03-24', 'knestoru@state.tx.us', '75 Victoria Hill');
insert into Employee (Name, Gender, Phone_number, Date_of_birth, Email, Address ) values ('Dominique Harvett', 'Male', '2982013697', '1989-01-17', 'dharvettv@163.com', '6 Kenwood Plaza');
insert into Employee (Name, Gender, Phone_number, Date_of_birth, Email, Address ) values ('Sutherland Sambidge', 'Male', '5835626014', '1978-05-25', 'ssambidgew@nature.com', '28 Westend Drive');
insert into Employee (Name, Gender, Phone_number, Date_of_birth, Email, Address ) values ('Ailene Isakowicz', 'Female', '7378712447', '1981-12-31', 'aisakowiczx@shop-pro.jp', '2 Canary Plaza');
insert into Employee (Name, Gender, Phone_number, Date_of_birth, Email, Address ) values ('Aileen Mowle', 'Female', '6197753851', '1994-01-28', 'amowley@reference.com', '30031 Mcbride Park');
insert into Employee (Name, Gender, Phone_number, Date_of_birth, Email, Address ) values ('Marris Klaessen', 'Female', '5564480131', '1976-05-23', 'mklaessenz@purevolume.com', '8 Kensington Pass');
insert into Employee (Name, Gender, Phone_number, Date_of_birth, Email, Address ) values ('Nelia Bernardeau', 'Female', '5242917320', '2001-01-29', 'nbernardeau10@ebay.co.uk', '2 Marcy Crossing');
insert into Employee (Name, Gender, Phone_number, Date_of_birth, Email, Address ) values ('Garrott Tickel', 'Male', '7798367346', '1979-10-17', 'gtickel11@vimeo.com', '082 Anthes Center');
insert into Employee (Name, Gender, Phone_number, Date_of_birth, Email, Address ) values ('Dirk Olesen', 'Male', '8385470969', '1994-07-09', 'dolesen12@harvard.edu', '464 Crest Line Lane');
insert into Employee (Name, Gender, Phone_number, Date_of_birth, Email, Address ) values ('Hermy Worsnop', 'Male', '1702689534', '1992-01-28', 'hworsnop13@wordpress.com', '8 Bartelt Avenue');
insert into Employee (Name, Gender, Phone_number, Date_of_birth, Email, Address ) values ('Belinda Malter', 'Female', '9445030664', '2004-09-25', 'bmalter14@instagram.com', '86290 Old Shore Court');
insert into Employee (Name, Gender, Phone_number, Date_of_birth, Email, Address ) values ('Jonah Thames', 'Male', '8884341231', '1982-11-22', 'jthames15@icio.us', '65183 Jana Place');
insert into Employee (Name, Gender, Phone_number, Date_of_birth, Email, Address ) values ('Madonna Kleisel', 'Female', '5482618888', '1977-01-13', 'mkleisel16@miibeian.gov.cn', '624 Oriole Lane');
insert into Employee (Name, Gender, Phone_number, Date_of_birth, Email, Address ) values ('Weider Moulds', 'Male', '4324869552', '1994-06-24', 'wmoulds17@unesco.org', '097 Cordelia Trail');
insert into Employee (Name, Gender, Phone_number, Date_of_birth, Email, Address ) values ('Lorrin Edmonstone', 'Female', '7908492830', '1988-10-27', 'ledmonstone18@dailymotion.com', '93835 Rigney Crossing');
insert into Employee (Name, Gender, Phone_number, Date_of_birth, Email, Address ) values ('Carroll McDonagh', 'Male', '4246694855', '2002-02-08', 'cmcdonagh19@sphinn.com', '70 Iowa Hill');
insert into Employee (Name, Gender, Phone_number, Date_of_birth, Email, Address ) values ('Emmet Lascell', 'Male', '1508697725', '1973-10-17', 'elascell1a@cornell.edu', '79424 Bonner Circle');
insert into Employee (Name, Gender, Phone_number, Date_of_birth, Email, Address ) values ('Deni Nealy', 'Female', '7261978213', '1971-12-07', 'dnealy1b@de.vu', '8 Merrick Junction');
insert into Employee (Name, Gender, Phone_number, Date_of_birth, Email, Address ) values ('Jaynell Foulcher', 'Female', '9197705166', '1979-04-24', 'jfoulcher1c@yandex.ru', '99965 Shasta Court');
insert into Employee (Name, Gender, Phone_number, Date_of_birth, Email, Address ) values ('Vito Easum', 'Male', '1448105331', '1981-08-23', 'veasum1d@nytimes.com', '69 Lighthouse Bay Alley');
insert into Employee (Name, Gender, Phone_number, Date_of_birth, Email, Address ) values ('Barrett Iglesia', 'Male', '9287678259', '1991-04-06', 'biglesia1e@tinypic.com', '441 Northfield Pass');
insert into Employee (Name, Gender, Phone_number, Date_of_birth, Email, Address ) values ('Gretta Althrope', 'Female', '7929639311', '2000-08-23', 'galthrope1f@plala.or.jp', '3 Transport Hill');
insert into Employee (Name, Gender, Phone_number, Date_of_birth, Email, Address ) values ('Ashlan Froom', 'Female', '6161601225', '1971-11-24', 'afroom1g@narod.ru', '47 Homewood Hill');
insert into Employee (Name, Gender, Phone_number, Date_of_birth, Email, Address ) values ('Laurie Callander', 'Male', '9776076007', '1985-10-26', 'lcallander1h@hc360.com', '0638 Merry Hill');
insert into Employee (Name, Gender, Phone_number, Date_of_birth, Email, Address ) values ('Byrann Kembery', 'Male', '1293798833', '1972-06-01', 'bkembery1i@adobe.com', '877 Fulton Park');
insert into Employee (Name, Gender, Phone_number, Date_of_birth, Email, Address ) values ('Francisco de Grey', 'Male', '6066228537', '1971-04-06', 'fde1j@unblog.fr', '6 Tennyson Pass');
insert into Employee (Name, Gender, Phone_number, Date_of_birth, Email, Address ) values ('Con Matczak', 'Male', '2057818685', '1995-07-17', 'cmatczak1k@cnn.com', '1016 Derek Place');
insert into Employee (Name, Gender, Phone_number, Date_of_birth, Email, Address ) values ('Thorvald Johanchon', 'Male', '8684085208', '1973-07-24', 'tjohanchon1l@tamu.edu', '151 Forest Run Park');
insert into Employee (Name, Gender, Phone_number, Date_of_birth, Email, Address ) values ('Jeri Surgenor', 'Female', '8794808805', '1993-07-05', 'jsurgenor1m@pinterest.com', '13263 Maple Avenue');
insert into Employee (Name, Gender, Phone_number, Date_of_birth, Email, Address ) values ('Vaclav Cowterd', 'Male', '4021598361', '1993-03-31', 'vcowterd1n@mtv.com', '09 Hanover Center');
insert into Employee (Name, Gender, Phone_number, Date_of_birth, Email, Address ) values ('Talbot Oldroyd', 'Male', '6009691282', '1979-05-06', 'toldroyd1o@webnode.com', '71665 Manitowish Junction');
insert into Employee (Name, Gender, Phone_number, Date_of_birth, Email, Address ) values ('Ring Lempel', 'Male', '6374398711', '1987-06-05', 'rlempel1p@sciencedaily.com', '6 Clove Park');
insert into Employee (Name, Gender, Phone_number, Date_of_birth, Email, Address ) values ('Jeremie Stapley', 'Male', '6002978023', '1974-06-20', 'jstapley1q@ocn.ne.jp', '3 School Lane');
insert into Employee (Name, Gender, Phone_number, Date_of_birth, Email, Address ) values ('Becki Mars', 'Female', '8245301000', '2000-12-30', 'bmars1r@dot.gov', '35150 Northwestern Hill');
insert into Employee (Name, Gender, Phone_number, Date_of_birth, Email, Address ) values ('Marianne Ottawell', 'Female', '4765476694', '1996-06-27', 'mottawell1s@yellowpages.com', '9 Nova Place');
insert into Employee (Name, Gender, Phone_number, Date_of_birth, Email, Address ) values ('Candida Chern', 'Female', '9325466504', '1977-10-28', 'cchern1t@bloglovin.com', '7353 Spenser Way');
insert into Employee (Name, Gender, Phone_number, Date_of_birth, Email, Address ) values ('Boycie Dennington', 'Male', '8721756772', '1990-09-07', 'bdennington1u@fotki.com', '5 Straubel Pass');
insert into Employee (Name, Gender, Phone_number, Date_of_birth, Email, Address ) values ('Robbin Naerup', 'Female', '9334036189', '1978-02-15', 'rnaerup1v@dailymail.co.uk', '9237 6th Parkway');
insert into Employee (Name, Gender, Phone_number, Date_of_birth, Email, Address ) values ('Kira Darkins', 'Female', '8884776018', '1992-03-03', 'kdarkins1w@usgs.gov', '7797 Mesta Street');
insert into Employee (Name, Gender, Phone_number, Date_of_birth, Email, Address ) values ('Beatrisa Duckett', 'Female', '2105809545', '1994-12-07', 'bduckett1x@cocolog-nifty.com', '15 Washington Street');
insert into Employee (Name, Gender, Phone_number, Date_of_birth, Email, Address ) values ('Pip Marquez', 'Male', '7193722755', '1974-11-09', 'pmarquez1y@hatena.ne.jp', '0305 Meadow Valley Lane');
insert into Employee (Name, Gender, Phone_number, Date_of_birth, Email, Address ) values ('Janean Baldacchi', 'Female', '9752030345', '1986-12-28', 'jbaldacchi1z@github.com', '424 Fairfield Terrace');
insert into Employee (Name, Gender, Phone_number, Date_of_birth, Email, Address ) values ('Nikki Wilbraham', 'Female', '4871206891', '1976-11-13', 'nwilbraham20@bloglines.com', '6477 Warner Park');
insert into Employee (Name, Gender, Phone_number, Date_of_birth, Email, Address ) values ('Fidel Maffucci', 'Male', '4049494311', '1971-12-26', 'fmaffucci21@51.la', '98424 Sheridan Terrace');
insert into Employee (Name, Gender, Phone_number, Date_of_birth, Email, Address ) values ('Adolpho Britto', 'Male', '7298783066', '1986-07-26', 'abritto22@accuweather.com', '0196 Warner Junction');
insert into Employee (Name, Gender, Phone_number, Date_of_birth, Email, Address ) values ('Karl Tully', 'Male', '1765460933', '1981-06-14', 'ktully23@4shared.com', '54313 Leroy Place');
insert into Employee (Name, Gender, Phone_number, Date_of_birth, Email, Address ) values ('Ulises Lill', 'Male', '3505715529', '1998-09-03', 'ulill24@google.ru', '34726 4th Center');
insert into Employee (Name, Gender, Phone_number, Date_of_birth, Email, Address ) values ('Cindy Lumox', 'Female', '4293339512', '1987-10-27', 'clumox25@rakuten.co.jp', '383 Donald Way');
insert into Employee (Name, Gender, Phone_number, Date_of_birth, Email, Address ) values ('Tammie Gilligan', 'Male', '4807370687', '1991-02-11', 'tgilligan26@amazon.co.jp', '2 Coleman Park');
insert into Employee (Name, Gender, Phone_number, Date_of_birth, Email, Address ) values ('Trudy Louth', 'Female', '4479356016', '1997-10-29', 'tlouth27@google.cn', '817 Hanson Lane');

insert into MANAGER (Manager_id, Employee_id) values (1, 7);
insert into MANAGER (Manager_id, Employee_id) values (2, 10);
insert into MANAGER (Manager_id, Employee_id) values (3, 10);
insert into MANAGER (Manager_id, Employee_id) values (4, 10);
insert into MANAGER (Manager_id, Employee_id) values (5, 10);
insert into MANAGER (Manager_id, Employee_id) values (6, 7);
insert into MANAGER (Manager_id, Employee_id) values (7, 7);
insert into MANAGER (Manager_id, Employee_id) values (8, 6);
insert into MANAGER (Manager_id, Employee_id) values (9, 6);
insert into MANAGER (Manager_id, Employee_id) values (10, 6);

insert into ROOM_SERVICE_STAFF (Employee_id, Assigned_room, Request_details) values (11, 111, 'Please bring up one pepperoni pizza.');
insert into ROOM_SERVICE_STAFF (Employee_id, Assigned_room, Request_details) values (12, 2, 'Do you have any salads to order?');
insert into ROOM_SERVICE_STAFF (Employee_id, Assigned_room, Request_details) values (13, 59, 'Can you unlock the Discovery Channel in my room?');
insert into ROOM_SERVICE_STAFF (Employee_id, Assigned_room) values (14, 31);
insert into ROOM_SERVICE_STAFF (Employee_id, Assigned_room, Request_details) values (15, 78, 'I have a request for extra pillows');
insert into ROOM_SERVICE_STAFF (Employee_id, Assigned_room, Request_details) values (16, 113, 'Can we reserve a meeting room for around 5?');
insert into ROOM_SERVICE_STAFF (Employee_id, Assigned_room) values (17, 86);
insert into ROOM_SERVICE_STAFF (Employee_id, Assigned_room, Request_details) values (18, 11, 'Our room is a bit hot. Anybody able to change the temp?');
insert into ROOM_SERVICE_STAFF (Employee_id, Assigned_room, Request_details) values (19, 100, 'Is there someone that can bring up breakfast to our room?');
insert into ROOM_SERVICE_STAFF (Employee_id, Assigned_room, Request_details) values (20, 81, 'We would like somebody to bring up some Orange Juice to our room please.');
insert into ROOM_SERVICE_STAFF (Employee_id, Assigned_room, Request_details) values (21, 52, 'Can you get somebody to bring a change of towels?');
insert into ROOM_SERVICE_STAFF (Employee_id, Assigned_room, Request_details) values (22, 102, 'Do you have any extra pillows for us to use?');
insert into ROOM_SERVICE_STAFF (Employee_id, Assigned_room, Request_details) values (23, 120, 'When will the next stage show be performed here?');
insert into ROOM_SERVICE_STAFF (Employee_id, Assigned_room) values (24, 59);
insert into ROOM_SERVICE_STAFF (Employee_id, Assigned_room) values (25, 119);
insert into ROOM_SERVICE_STAFF (Employee_id, Assigned_room, Request_details) values (26, 3, 'I have a package that was dropped off here, do you mind sending someone to give it to me?');
insert into ROOM_SERVICE_STAFF (Employee_id, Assigned_room) values (27, 53);
insert into ROOM_SERVICE_STAFF (Employee_id, Assigned_room, Request_details) values (28, 108, 'Can a bellhop be sent here so that we can load up our things?');
insert into ROOM_SERVICE_STAFF (Employee_id, Assigned_room, Request_details) values (29, 88, 'We would like to request a change of rooms.');
insert into ROOM_SERVICE_STAFF (Employee_id, Assigned_room) values (30, 27);

insert into HOUSEKEEPING_STAFF (Employee_id, Current_floor, Requested_room) values (31, 8, 76);
insert into HOUSEKEEPING_STAFF (Employee_id, Current_floor, Requested_room) values (32, 3, 21);
insert into HOUSEKEEPING_STAFF (Employee_id, Current_floor, Requested_room) values (33, 7, 135);
insert into HOUSEKEEPING_STAFF (Employee_id, Current_floor, Requested_room) values (34, 6, 93);
insert into HOUSEKEEPING_STAFF (Employee_id, Current_floor, Requested_room) values (35, 6, 79);
insert into HOUSEKEEPING_STAFF (Employee_id, Current_floor, Requested_room) values (36, 12, 14);
insert into HOUSEKEEPING_STAFF (Employee_id, Current_floor, Requested_room) values (37, 2, 45);
insert into HOUSEKEEPING_STAFF (Employee_id, Current_floor, Requested_room) values (38, 12, 20);
insert into HOUSEKEEPING_STAFF (Employee_id, Current_floor, Requested_room) values (39, 8, 73);
insert into HOUSEKEEPING_STAFF (Employee_id, Current_floor, Requested_room) values (30, 1, 29);
insert into HOUSEKEEPING_STAFF (Employee_id, Current_floor, Requested_room) values (41, 8, 64);
insert into HOUSEKEEPING_STAFF (Employee_id, Current_floor, Requested_room) values (42, 4, 77);
insert into HOUSEKEEPING_STAFF (Employee_id, Current_floor, Requested_room) values (43, 3, 66);
insert into HOUSEKEEPING_STAFF (Employee_id, Current_floor, Requested_room) values (44, 1, 43);
insert into HOUSEKEEPING_STAFF (Employee_id, Current_floor, Requested_room) values (45, 4, 100);
insert into HOUSEKEEPING_STAFF (Employee_id, Current_floor, Requested_room) values (46, 8, 70);
insert into HOUSEKEEPING_STAFF (Employee_id, Current_floor, Requested_room) values (47, 3, 109);
insert into HOUSEKEEPING_STAFF (Employee_id, Current_floor, Requested_room) values (48, 7, 66);
insert into HOUSEKEEPING_STAFF (Employee_id, Current_floor, Requested_room) values (49, 12, 91);
insert into HOUSEKEEPING_STAFF (Employee_id, Current_floor, Requested_room) values (50, 9, 79);

insert into Guest (Name, Date_of_birth, Email, Address, Room_number) values ('Rustie Stucke', '1996-12-01', 'rstucke6i@csmonitor.com', '67 Cody Parkway', 1);
insert into Guest (Name, Date_of_birth, Email, Address, Room_number) values ('Shell Burridge', '1982-03-06', 'sburridge0@trellian.com', '57 Graedel Alley', 1);
insert into Guest (Name, Date_of_birth, Email, Address, Room_number) values ('Franz Wroth', '1990-09-25', 'fwroth1@storify.com', '718 Hermina Street', 2);
insert into Guest (Name, Date_of_birth, Email, Address, Room_number) values ('Seumas Ebbetts', '1996-08-14', 'sebbetts2@imageshack.us', '23 Union Parkway', 2);
insert into Guest (Name, Date_of_birth, Email, Address, Room_number) values ('Bibi Buffery', '1997-02-01', 'bbuffery3@istockphoto.com', '2755 Lukken Circle', 4);
insert into Guest (Name, Date_of_birth, Email, Address, Room_number) values ('Chiquia Marzelle', '1991-01-07', 'cmarzelle4@ehow.com', '5 Gina Road', 4);
insert into Guest (Name, Date_of_birth, Email, Address, Room_number) values ('Vachel Monument', '1997-11-07', 'vmonument5@parallels.com', '8 Anniversary Center', 4);
insert into Guest (Name, Date_of_birth, Email, Address, Room_number) values ('Giustina Fortoun', '1984-12-20', 'gfortoun6@nasa.gov', '08861 Walton Crossing', 5);
insert into Guest (Name, Date_of_birth, Email, Address, Room_number) values ('Fey Howman', '1994-06-11', 'fhowman7@globo.com', '75 Dawn Way', 6);
insert into Guest (Name, Date_of_birth, Email, Address, Room_number) values ('Cly Obey', '1991-03-05', 'cobey8@altervista.org', '0 Straubel Plaza', 6);
insert into Guest (Name, Date_of_birth, Email, Address, Room_number) values ('Hildegarde Biddlestone', '1983-09-15', 'hbiddlestone9@cbsnews.com', '03464 Namekagon Plaza', 7);
insert into Guest (Name, Date_of_birth, Email, Address, Room_number) values ('Caryn Whaley', '1996-11-27', 'cwhaleya@github.io', '2712 Larry Point', 7);
insert into Guest (Name, Date_of_birth, Email, Address, Room_number) values ('Arlina Rennock', '1995-02-28', 'arennockb@a8.net', '3 Buena Vista Place', 7);
insert into Guest (Name, Date_of_birth, Email, Address, Room_number) values ('Hammad Cubbon', '1983-09-03', 'hcubbonc@eepurl.com', '898 Judy Place', 7);
insert into Guest (Name, Date_of_birth, Email, Address, Room_number) values ('Jackie Quittonden', '1999-01-31', 'jquittondend@t.co', '81156 Bartillon Road', 7);
insert into Guest (Name, Date_of_birth, Email, Address, Room_number) values ('Alethea Tolman', '1983-06-26', 'atolmane@abc.net.au', '75 Ludington Center', 7);
insert into Guest (Name, Date_of_birth, Email, Address, Room_number) values ('Holli Booley', '1980-12-17', 'hbooleyf@twitpic.com', '9496 Florence Trail', 7);
insert into Guest (Name, Date_of_birth, Email, Address, Room_number) values ('Marci McAllaster', '1986-09-28', 'mmcallasterg@indiatimes.com', '1 Ryan Circle', 7);
insert into Guest (Name, Date_of_birth, Email, Address, Room_number) values ('Ali Matuszynski', '1986-08-14', 'amatuszynskih@storify.com', '9 Utah Trail', 8);
insert into Guest (Name, Date_of_birth, Email, Address, Room_number) values ('Tommie Wabe', '2000-01-19', 'twabei@umn.edu', '61966 Straubel Point', 8);
insert into Guest (Name, Date_of_birth, Email, Address, Room_number) values ('Jan Doxey', '1983-09-13', 'jdoxeyj@123-reg.co.uk', '02747 Laurel Pass', 8);
insert into Guest (Name, Date_of_birth, Email, Address, Room_number) values ('Lea Denyukin', '1993-04-30', 'ldenyukinn@yahoo.co.jp', '6990 Jackson Drive', 9);
insert into Guest (Name, Date_of_birth, Email, Address, Room_number) values ('Dulcia Sizland', '1985-07-31', 'dsizlando@census.gov', '607 Pleasure Street', 9);
insert into Guest (Name, Date_of_birth, Email, Address, Room_number) values ('Phillis Mushrow', '1990-08-31', 'pmushrowp@microsoft.com', '8457 6th Place', 10);
insert into Guest (Name, Date_of_birth, Email, Address, Room_number) values ('Nicole Belfrage', '1992-06-21', 'nbelfrageq@jalbum.net', '21735 Sachs Crossing', 10);
insert into Guest (Name, Date_of_birth, Email, Address, Room_number) values ('Minnie Arminger', '1985-02-05', 'marmingerr@unc.edu', '8 Mosinee Road', 12);
insert into Guest (Name, Date_of_birth, Email, Address, Room_number) values ('Ginger Campe', '1988-09-05', 'gcampes@spiegel.de', '9 6th Drive', 12);
insert into Guest (Name, Date_of_birth, Email, Address, Room_number) values ('Dawn Fidele', '1985-05-13', 'dfidelet@accuweather.com', '25535 Pepper Wood Point', 13);
insert into Guest (Name, Date_of_birth, Email, Address, Room_number) values ('Cordula Doumerc', '1995-05-11', 'cdoumercu@nydailynews.com', '23009 Lien Way', 13);
insert into Guest (Name, Date_of_birth, Email, Address, Room_number) values ('Maxy Tame', '1997-01-30', 'mtamev@tiny.cc', '0 Weeping Birch Point', 13);
insert into Guest (Name, Date_of_birth, Email, Address, Room_number) values ('Saundra Rangell', '1992-09-28', 'srangellw@topsy.com', '6 Spaight Drive', 14);
insert into Guest (Name, Date_of_birth, Email, Address, Room_number) values ('Corrina Cammoile', '1999-09-30', 'ccammoilex@issuu.com', '096 Trailsway Junction', 14);
insert into Guest (Name, Date_of_birth, Email, Address, Room_number) values ('Vachel Purchall', '1985-03-15', 'vpurchally@booking.com', '4281 Dunning Point', 14);
insert into Guest (Name, Date_of_birth, Email, Address, Room_number) values ('Walton Pllu', '1994-03-30', 'wplluz@wikipedia.org', '1225 7th Drive', 14);
insert into Guest (Name, Date_of_birth, Email, Address, Room_number) values ('Hadlee Piggins', '1986-10-12', 'hpiggins10@lycos.com', '00 Amoth Way', 15);
insert into Guest (Name, Date_of_birth, Email, Address, Room_number) values ('Trudi Bredgeland', '1987-03-26', 'tbredgeland11@soup.io', '0 Michigan Avenue', 16);
insert into Guest (Name, Date_of_birth, Email, Address, Room_number) values ('Nataline Gittus', '1980-08-06', 'ngittus12@msu.edu', '64054 Pepper Wood Crossing', 16);
insert into Guest (Name, Date_of_birth, Email, Address, Room_number) values ('Torin Nellis', '1994-05-17', 'tnellis13@vkontakte.ru', '40979 Lakewood Gardens Street', 17);
insert into Guest (Name, Date_of_birth, Email, Address, Room_number) values ('Debby Perris', '1987-12-25', 'dperris14@weibo.com', '6 Sloan Hill', 17);
insert into Guest (Name, Date_of_birth, Email, Address, Room_number) values ('Shepherd Luquet', '1981-05-22', 'sluquet15@dropbox.com', '5985 Bultman Circle', 19);
insert into Guest (Name, Date_of_birth, Email, Address, Room_number) values ('Merilee Bridel', '1981-05-13', 'mbridel16@odnoklassniki.ru', '58175 Golf Parkway', 19);
insert into Guest (Name, Date_of_birth, Email, Address, Room_number) values ('Derrick Flory', '1998-11-04', 'dflory17@dell.com', '2 Elka Lane', 19);
insert into Guest (Name, Date_of_birth, Email, Address, Room_number) values ('Kane Arnull', '1990-03-19', 'karnull18@tinyurl.com', '3575 Fremont Alley', 19);
insert into Guest (Name, Date_of_birth, Email, Address, Room_number) values ('Pauly Aggott', '1986-11-08', 'paggott19@eepurl.com', '71 Rowland Way', 19);
insert into Guest (Name, Date_of_birth, Email, Address, Room_number) values ('Jerome Danielian', '1986-09-23', 'jdanielian1a@jalbum.net', '154 Fuller Avenue', 20);
insert into Guest (Name, Date_of_birth, Email, Address, Room_number) values ('Bertrando Eborn', '1994-05-03', 'beborn1b@netvibes.com', '576 Oak Trail', 20);
insert into Guest (Name, Date_of_birth, Email, Address, Room_number) values ('Gaspar Highnam', '1984-11-03', 'ghighnam1c@hc360.com', '455 Manitowish Crossing', 20);
insert into Guest (Name, Date_of_birth, Email, Address, Room_number) values ('Irene Royden', '1993-01-16', 'iroyden1d@dyndns.org', '37 Elka Lane', 20);
insert into Guest (Name, Date_of_birth, Email, Address, Room_number) values ('Hurlee Muggeridge', '1996-08-15', 'hmuggeridge1e@cmu.edu', '28 Maywood Way', 21);
insert into Guest (Name, Date_of_birth, Email, Address, Room_number) values ('Noland Sandever', '1983-05-03', 'nsandever1f@sphinn.com', '05 Forest Dale Parkway', 21);
insert into Guest (Name, Date_of_birth, Email, Address, Room_number) values ('Rycca Shropsheir', '1986-01-12', 'rshropsheir1g@cyberchimps.com', '26604 Shopko Pass', 24);
insert into Guest (Name, Date_of_birth, Email, Address, Room_number) values ('Yolane Torrese', '1988-02-25', 'ytorrese1h@nature.com', '36 Mendota Trail', 24);
insert into Guest (Name, Date_of_birth, Email, Address, Room_number) values ('Gusti Lurcock', '1987-02-17', 'glurcock1i@tripod.com', '7517 Bunting Court', 25);
insert into Guest (Name, Date_of_birth, Email, Address, Room_number) values ('Johnette Jeffry', '1995-02-07', 'jjeffry1j@wp.com', '33373 Kingsford Drive', 25);
insert into Guest (Name, Date_of_birth, Email, Address, Room_number) values ('Hermia Wyrall', '1996-05-23', 'hwyrall1k@forbes.com', '74 Superior Street', 25);
insert into Guest (Name, Date_of_birth, Email, Address, Room_number) values ('Norean Piwell', '1999-12-14', 'npiwell1l@walmart.com', '70171 New Castle Place', 25);
insert into Guest (Name, Date_of_birth, Email, Address, Room_number) values ('Lindy Aymes', '1991-09-02', 'laymes1m@washington.edu', '60761 Harbort Hill', 25);
insert into Guest (Name, Date_of_birth, Email, Address, Room_number) values ('Haley James', '1997-09-15', 'hjames1n@princeton.edu', '809 Ridgeway Pass', 26);
insert into Guest (Name, Date_of_birth, Email, Address, Room_number) values ('Xenia Antognetti', '1985-12-10', 'xantognetti1o@hud.gov', '7 Fallview Road', 26);
insert into Guest (Name, Date_of_birth, Email, Address, Room_number) values ('Krystalle Bourdis', '1984-05-07', 'kbourdis1p@foxnews.com', '1006 Caliangt Court', 26);
insert into Guest (Name, Date_of_birth, Email, Address, Room_number) values ('Caesar Attride', '1992-09-12', 'cattride1q@ted.com', '744 David Court', 26);
insert into Guest (Name, Date_of_birth, Email, Address, Room_number) values ('Filide Oland', '1995-03-03', 'foland1r@accuweather.com', '8573 Corscot Avenue', 26);
insert into Guest (Name, Date_of_birth, Email, Address, Room_number) values ('Bill Tedder', '1983-06-01', 'btedder1s@paypal.com', '787 Miller Park', 26);
insert into Guest (Name, Date_of_birth, Email, Address, Room_number) values ('Charyl Gaylor', '1981-06-13', 'cgaylor1t@usnews.com', '86343 Brickson Park Avenue', 26);
insert into Guest (Name, Date_of_birth, Email, Address, Room_number) values ('Wes Rangall', '1987-11-26', 'wrangall1u@omniture.com', '25 Pepper Wood Center', 28);
insert into Guest (Name, Date_of_birth, Email, Address, Room_number) values ('Dodi Collimore', '1989-08-25', 'dcollimore1v@sohu.com', '9378 Kings Park', 28);
insert into Guest (Name, Date_of_birth, Email, Address, Room_number) values ('Wynny Sainsbury', '1980-11-18', 'wsainsbury1w@microsoft.com', '684 Nova Avenue', 30);
insert into Guest (Name, Date_of_birth, Email, Address, Room_number) values ('Averil Chessum', '1990-04-20', 'achessum1x@house.gov', '4832 Toban Way', 30);
insert into Guest (Name, Date_of_birth, Email, Address, Room_number) values ('Iormina Kleinpeltz', '1986-07-20', 'ikleinpeltz1y@e-recht24.de', '43598 Blaine Terrace', 30);
insert into Guest (Name, Date_of_birth, Email, Address, Room_number) values ('Kim Leech', '1994-12-05', 'kleech1z@people.com.cn', '6 Trailsway Center', 30);
insert into Guest (Name, Date_of_birth, Email, Address, Room_number) values ('Andy Gounod', '2000-03-21', 'agounod20@cmu.edu', '41 Butterfield Road', 31);
insert into Guest (Name, Date_of_birth, Email, Address, Room_number) values ('Charleen Bewick', '1992-10-20', 'cbewick21@ucla.edu', '3 Rowland Alley', 31);
insert into Guest (Name, Date_of_birth, Email, Address, Room_number) values ('Nisse Bene', '1999-11-25', 'nbene22@mashable.com', '227 Rutledge Lane', 31);
insert into Guest (Name, Date_of_birth, Email, Address, Room_number) values ('Dody Dufer', '1980-05-24', 'ddufer23@wikipedia.org', '951 Macpherson Road', 32);
insert into Guest (Name, Date_of_birth, Email, Address, Room_number) values ('Jaimie Underhill', '1984-12-13', 'junderhill24@mlb.com', '3 Dryden Hill', 32);
insert into Guest (Name, Date_of_birth, Email, Address, Room_number) values ('Maurise Monan', '1992-09-04', 'mmonan25@wisc.edu', '683 Onsgard Lane', 32);
insert into Guest (Name, Date_of_birth, Email, Address, Room_number) values ('Claire Duddridge', '1986-03-17', 'cduddridge26@myspace.com', '06 Walton Circle', 32);
insert into Guest (Name, Date_of_birth, Email, Address, Room_number) values ('Pooh Normandale', '1986-07-20', 'pnormandale27@naver.com', '8749 Grim Junction', 33);
insert into Guest (Name, Date_of_birth, Email, Address, Room_number) values ('Sula Rockcliff', '1986-11-11', 'srockcliff28@domainmarket.com', '2943 Mcguire Drive', 33);
insert into Guest (Name, Date_of_birth, Email, Address, Room_number) values ('Dannie Klezmski', '1984-12-20', 'dklezmski29@amazon.de', '35944 Shelley Pass', 33);
insert into Guest (Name, Date_of_birth, Email, Address, Room_number) values ('Tucker Beadles', '1985-08-22', 'tbeadles2a@rediff.com', '082 Melody Road', 34);
insert into Guest (Name, Date_of_birth, Email, Address, Room_number) values ('Vince Jervoise', '1995-08-23', 'vjervoise2b@dot.gov', '7430 Sommers Road', 34);
insert into Guest (Name, Date_of_birth, Email, Address, Room_number) values ('Lorelei Harrismith', '1981-02-15', 'lharrismith2c@nyu.edu', '054 Bunker Hill Center', 34);
insert into Guest (Name, Date_of_birth, Email, Address, Room_number) values ('Grant Edland', '1985-01-30', 'gedland2d@ebay.com', '955 Prairie Rose Drive', 34);
insert into Guest (Name, Date_of_birth, Email, Address, Room_number) values ('Andris Ibbott', '1980-05-30', 'aibbott2e@ox.ac.uk', '359 Messerschmidt Court', 36);
insert into Guest (Name, Date_of_birth, Email, Address, Room_number) values ('Korrie McAdam', '1990-10-06', 'kmcadam2f@infoseek.co.jp', '22 Eagle Crest Parkway', 36);
insert into Guest (Name, Date_of_birth, Email, Address, Room_number) values ('Tymothy Alibone', '1994-03-07', 'talibone2g@slideshare.net', '76661 Donald Drive', 37);
insert into Guest (Name, Date_of_birth, Email, Address, Room_number) values ('Nichols Tathacott', '1980-12-11', 'ntathacott2h@columbia.edu', '5256 Corry Way', 37);
insert into Guest (Name, Date_of_birth, Email, Address, Room_number) values ('Rex Ludron', '1996-12-05', 'rludron2i@blogtalkradio.com', '876 Welch Drive', 39);
insert into Guest (Name, Date_of_birth, Email, Address, Room_number) values ('Hunter Rainforth', '1995-11-16', 'hrainforth2j@google.ru', '93 Killdeer Avenue', 39);
insert into Guest (Name, Date_of_birth, Email, Address, Room_number) values ('Esmeralda Castanares', '1984-04-09', 'ecastanares2k@storify.com', '3 Fisk Trail', 39);
insert into Guest (Name, Date_of_birth, Email, Address, Room_number) values ('Curran Greenland', '1995-04-23', 'cgreenland2l@ow.ly', '3999 Talmadge Trail', 39);
insert into Guest (Name, Date_of_birth, Email, Address, Room_number) values ('Travers Bransdon', '1984-09-08', 'tbransdon2m@tumblr.com', '233 Haas Alley', 39);
insert into Guest (Name, Date_of_birth, Email, Address, Room_number) values ('Delcina Oppy', '1985-03-12', 'doppy2r@geocities.jp', '8913 Sunfield Park', 40);
insert into Guest (Name, Date_of_birth, Email, Address, Room_number) values ('Berne Putson', '1981-04-20', 'bputson2s@huffingtonpost.com', '9051 Marcy Plaza', 40);
insert into Guest (Name, Date_of_birth, Email, Address, Room_number) values ('Joscelin Schukraft', '1992-11-15', 'jschukraft2t@rambler.ru', '5 Truax Park', 40);
insert into Guest (Name, Date_of_birth, Email, Address, Room_number) values ('Ernest Harriday', '1993-01-23', 'eharriday2u@ezinearticles.com', '30265 Luster Crossing', 40);
insert into Guest (Name, Date_of_birth, Email, Address, Room_number) values ('Dela Pethrick', '1997-05-15', 'dpethrick2v@state.tx.us', '2662 Kenwood Pass', 40);
insert into Guest (Name, Date_of_birth, Email, Address, Room_number) values ('Bond Bradnick', '1995-02-21', 'bbradnick2w@theguardian.com', '0 Welch Way', 41);
insert into Guest (Name, Date_of_birth, Email, Address, Room_number) values ('Humfrey Beggan', '1988-12-24', 'hbeggan2x@domainmarket.com', '7992 Colorado Point', 41);
insert into Guest (Name, Date_of_birth, Email, Address, Room_number) values ('Birgit Antoniazzi', '1988-07-23', 'bantoniazzi2y@ebay.com', '376 Buell Alley', 43);
insert into Guest (Name, Date_of_birth, Email, Address, Room_number) values ('Kenon Reitenbach', '1998-10-21', 'kreitenbach2z@furl.net', '7736 Esker Hill', 43);
insert into Guest (Name, Date_of_birth, Email, Address, Room_number) values ('Carmine Tollemache', '1994-03-20', 'ctollemache30@t.co', '97566 Southridge Parkway', 43);
insert into Guest (Name, Date_of_birth, Email, Address, Room_number) values ('Rodd Hawksby', '1983-08-18', 'rhawksby31@jimdo.com', '2 Bellgrove Street', 43);
insert into Guest (Name, Date_of_birth, Email, Address, Room_number) values ('Dewie Marnane', '1994-01-05', 'dmarnane32@ameblo.jp', '061 Porter Plaza', 44);
insert into Guest (Name, Date_of_birth, Email, Address, Room_number) values ('Marcelo Whitter', '1997-12-09', 'mwhitter33@oakley.com', '39 Everett Center', 44);
insert into Guest (Name, Date_of_birth, Email, Address, Room_number) values ('Chase Cook', '1998-05-20', 'ccook34@dot.gov', '8 West Road', 44);
insert into Guest (Name, Date_of_birth, Email, Address, Room_number) values ('Olvan Troy', '1993-07-21', 'otroy35@webmd.com', '78 Heffernan Point', 44);
insert into Guest (Name, Date_of_birth, Email, Address, Room_number) values ('Emalia Wisedale', '1993-02-02', 'ewisedale36@plala.or.jp', '6 Algoma Crossing', 45);
insert into Guest (Name, Date_of_birth, Email, Address, Room_number) values ('Pauly Faldo', '1992-01-09', 'pfaldo37@imdb.com', '12 Tomscot Trail', 45);
insert into Guest (Name, Date_of_birth, Email, Address, Room_number) values ('Beverly Rollinson', '1983-07-22', 'brollinson38@netvibes.com', '378 Crest Line Parkway', 45);
insert into Guest (Name, Date_of_birth, Email, Address, Room_number) values ('Templeton Wilkin', '1996-02-26', 'twilkin39@usgs.gov', '1479 Tony Court', 47);
insert into Guest (Name, Date_of_birth, Email, Address, Room_number) values ('Agnese Spandley', '1983-05-04', 'aspandley3a@ocn.ne.jp', '9 Rusk Junction', 47);
insert into Guest (Name, Date_of_birth, Email, Address, Room_number) values ('Gelya Arnould', '1989-06-10', 'garnould3b@usatoday.com', '417 Lake View Drive', 47);
insert into Guest (Name, Date_of_birth, Email, Address, Room_number) values ('Finlay Wudeland', '1995-03-14', 'fwudeland3c@weibo.com', '70216 Butterfield Trail', 49);
insert into Guest (Name, Date_of_birth, Email, Address, Room_number) values ('Meryl Rampley', '1987-10-20', 'mrampley3d@columbia.edu', '99985 Green Way', 49);
insert into Guest (Name, Date_of_birth, Email, Address, Room_number) values ('Korrie Poundford', '1985-02-21', 'kpoundford3e@springer.com', '6000 Redwing Way', 50);
insert into Guest (Name, Date_of_birth, Email, Address, Room_number) values ('Dawna Soar', '1999-05-11', 'dsoar3f@foxnews.com', '3 Forest Run Court', 50);
insert into Guest (Name, Date_of_birth, Email, Address, Room_number) values ('Brant Killingbeck', '1990-05-06', 'bkillingbeck3g@tiny.cc', '46 Straubel Court', 51);
insert into Guest (Name, Date_of_birth, Email, Address, Room_number) values ('Port Signore', '1990-07-17', 'psignore3h@bing.com', '45 Spohn Point', 51);
insert into Guest (Name, Date_of_birth, Email, Address, Room_number) values ('Karlie O'' Mara', '1988-07-10', 'ko3i@cam.ac.uk', '8 Michigan Hill', 53);
insert into Guest (Name, Date_of_birth, Email, Address, Room_number) values ('Teriann Pargetter', '1998-03-26', 'tpargetter3j@sogou.com', '1 Charing Cross Point', 53);
insert into Guest (Name, Date_of_birth, Email, Address, Room_number) values ('Gennifer McPharlain', '1996-07-18', 'gmcpharlain3k@cpanel.net', '4533 Ramsey Circle', 53);
insert into Guest (Name, Date_of_birth, Email, Address, Room_number) values ('Lancelot Mildenhall', '1994-09-18', 'lmildenhall3l@merriam-webster.com', '2498 Quincy Pass', 53);
insert into Guest (Name, Date_of_birth, Email, Address, Room_number) values ('Fanni Bearfoot', '1983-07-30', 'fbearfoot3m@census.gov', '35 Kenwood Alley', 53);
insert into Guest (Name, Date_of_birth, Email, Address, Room_number) values ('Alexio Dorgon', '1986-09-04', 'adorgon3n@time.com', '8778 Fuller Circle', 53);
insert into Guest (Name, Date_of_birth, Email, Address, Room_number) values ('Ted O''Shesnan', '1990-12-04', 'toshesnan3o@virginia.edu', '3124 Northridge Center', 53);
insert into Guest (Name, Date_of_birth, Email, Address, Room_number) values ('Jo ann Blankenship', '1981-08-15', 'jann3p@t.co', '7 Crest Line Parkway', 54);
insert into Guest (Name, Date_of_birth, Email, Address, Room_number) values ('Gare Nettleship', '1989-11-11', 'gnettleship3q@geocities.jp', '00817 Moose Drive', 54);
insert into Guest (Name, Date_of_birth, Email, Address, Room_number) values ('Alisander Emeline', '1990-02-18', 'aemeline3r@admin.ch', '3405 Aberg Center', 54);
insert into Guest (Name, Date_of_birth, Email, Address, Room_number) values ('Millicent Eldred', '1992-10-08', 'meldred3s@japanpost.jp', '6525 Carey Street', 54);
insert into Guest (Name, Date_of_birth, Email, Address, Room_number) values ('Winonah Kirkman', '1993-07-18', 'wkirkman3t@ft.com', '2578 Sachtjen Avenue', 54);
insert into Guest (Name, Date_of_birth, Email, Address, Room_number) values ('Carol Kneal', '1992-09-06', 'ckneal3u@businesswire.com', '34 Onsgard Drive', 54);
insert into Guest (Name, Date_of_birth, Email, Address, Room_number) values ('Tabbie Atwill', '1987-04-19', 'tatwill3v@deliciousdays.com', '8886 Comanche Crossing', 54);
insert into Guest (Name, Date_of_birth, Email, Address, Room_number) values ('Wallis Shiel', '1987-03-31', 'wshiel3w@opensource.org', '955 Katie Road', 55);
insert into Guest (Name, Date_of_birth, Email, Address, Room_number) values ('Georgianne Harvison', '1999-08-06', 'gharvison3x@friendfeed.com', '02 Artisan Hill', 55);
insert into Guest (Name, Date_of_birth, Email, Address, Room_number) values ('Jeffry Maggorini', '1994-03-25', 'jmaggorini3y@msn.com', '2 Toban Street', 56);
insert into Guest (Name, Date_of_birth, Email, Address, Room_number) values ('Shurlocke Berlin', '1996-01-24', 'sberlin3z@time.com', '70 Beilfuss Avenue', 57);
insert into Guest (Name, Date_of_birth, Email, Address, Room_number) values ('Shawn Hearl', '1995-04-04', 'shearl40@ucoz.com', '91894 Anzinger Center', 57);
insert into Guest (Name, Date_of_birth, Email, Address, Room_number) values ('Bethanne Peto', '1981-11-17', 'bpeto41@1688.com', '607 Delaware Alley', 57);
insert into Guest (Name, Date_of_birth, Email, Address, Room_number) values ('Ardelis Orpin', '1992-05-17', 'aorpin42@webs.com', '936 Charing Cross Avenue', 57);
insert into Guest (Name, Date_of_birth, Email, Address, Room_number) values ('Kurt Del Checolo', '1994-09-11', 'kdel43@joomla.org', '94 Fieldstone Point', 58);
insert into Guest (Name, Date_of_birth, Email, Address, Room_number) values ('Carole Crus', '1996-05-04', 'ccrus44@pinterest.com', '8242 Drewry Center', 58);
insert into Guest (Name, Date_of_birth, Email, Address, Room_number) values ('Adler Hibling', '1990-09-13', 'ahibling45@cmu.edu', '98 Jay Road', 58);
insert into Guest (Name, Date_of_birth, Email, Address, Room_number) values ('Huntlee Kryzhov', '1991-12-01', 'hkryzhov46@ning.com', '4322 Westerfield Circle', 59);
insert into Guest (Name, Date_of_birth, Email, Address, Room_number) values ('Dannel Wallwood', '1991-01-10', 'dwallwood47@ameblo.jp', '78 Banding Point', 59);
insert into Guest (Name, Date_of_birth, Email, Address, Room_number) values ('Eunice Bliss', '1999-05-11', 'ebliss48@eventbrite.com', '0614 Lindbergh Junction', 61);
insert into Guest (Name, Date_of_birth, Email, Address, Room_number) values ('Sisile Warder', '1998-11-03', 'swarder49@symantec.com', '8 Shelley Parkway', 61);
insert into Guest (Name, Date_of_birth, Email, Address, Room_number) values ('Suzie Dinan', '1990-06-12', 'sdinan4a@ovh.net', '2065 Eastlawn Park', 61);
insert into Guest (Name, Date_of_birth, Email, Address, Room_number) values ('Temp Tellett', '1994-04-05', 'ttellett4b@imdb.com', '6220 Browning Park', 61);
insert into Guest (Name, Date_of_birth, Email, Address, Room_number) values ('Pooh Tadgell', '1982-03-19', 'ptadgell4c@friendfeed.com', '266 Karstens Center', 62);
insert into Guest (Name, Date_of_birth, Email, Address, Room_number) values ('Ermina Shire', '2000-04-09', 'eshire4d@opensource.org', '8 Gateway Plaza', 62);
insert into Guest (Name, Date_of_birth, Email, Address, Room_number) values ('Edik Littledike', '1997-01-27', 'elittledike4e@e-recht24.de', '001 Stuart Hill', 62);
insert into Guest (Name, Date_of_birth, Email, Address, Room_number) values ('Joela Hartlebury', '1993-04-17', 'jhartlebury4f@mashable.com', '0631 Graedel Pass', 62);
insert into Guest (Name, Date_of_birth, Email, Address, Room_number) values ('Wynnie Rubke', '1989-10-07', 'wrubke4g@infoseek.co.jp', '86691 Ryan Pass', 63);
insert into Guest (Name, Date_of_birth, Email, Address, Room_number) values ('Andie Milier', '1993-10-31', 'amilier4h@wiley.com', '00973 Sunbrook Lane', 63);
insert into Guest (Name, Date_of_birth, Email, Address, Room_number) values ('Mindy Payle', '1985-11-07', 'mpayle4i@nydailynews.com', '73159 Hovde Lane', 64);
insert into Guest (Name, Date_of_birth, Email, Address, Room_number) values ('Madella Budgeon', '1998-12-04', 'mbudgeon4j@ca.gov', '914 Dottie Way', 64);
insert into Guest (Name, Date_of_birth, Email, Address, Room_number) values ('Selina Guiton', '1983-04-24', 'sguiton4k@army.mil', '6203 Rowland Junction', 67);
insert into Guest (Name, Date_of_birth, Email, Address, Room_number) values ('Aurilia Raymen', '1986-07-18', 'araymen4l@princeton.edu', '7575 Eastwood Plaza', 67);
insert into Guest (Name, Date_of_birth, Email, Address, Room_number) values ('Hermy Fitzgerald', '1991-09-25', 'hfitzgerald4m@bluehost.com', '1306 Shoshone Hill', 67);
insert into Guest (Name, Date_of_birth, Email, Address, Room_number) values ('Manolo Olivie', '1997-07-10', 'molivie4n@de.vu', '938 Dexter Place', 67);
insert into Guest (Name, Date_of_birth, Email, Address, Room_number) values ('Estrellita Rey', '1982-06-12', 'erey4o@list-manage.com', '17288 Spohn Junction', 67);
insert into Guest (Name, Date_of_birth, Email, Address, Room_number) values ('Bax Regus', '1983-08-30', 'bregus4r@edublogs.org', '00237 Towne Parkway', 67);
insert into Guest (Name, Date_of_birth, Email, Address, Room_number) values ('Zelda Jeste', '1982-12-22', 'zjeste4s@tinyurl.com', '5272 Onsgard Avenue', 69);
insert into Guest (Name, Date_of_birth, Email, Address, Room_number) values ('Rosemonde Frood', '1994-08-16', 'rfrood4t@dion.ne.jp', '6348 Valley Edge Crossing', 69);
insert into Guest (Name, Date_of_birth, Email, Address, Room_number) values ('Burke Linggard', '1983-06-13', 'blinggard4u@gravatar.com', '2 Lake View Road', 70);
insert into Guest (Name, Date_of_birth, Email, Address, Room_number) values ('Monroe Spittal', '1988-08-13', 'mspittal4v@google.fr', '38 Monterey Plaza', 71);
insert into Guest (Name, Date_of_birth, Email, Address, Room_number) values ('Maryanne Whittock', '1989-11-26', 'mwhittock4w@ebay.co.uk', '52 Hintze Parkway', 71);
insert into Guest (Name, Date_of_birth, Email, Address, Room_number) values ('Correy McCumskay', '1996-07-23', 'cmccumskay4x@tiny.cc', '411 Forster Plaza', 71);
insert into Guest (Name, Date_of_birth, Email, Address, Room_number) values ('Garwood Meegan', '1982-06-28', 'gmeegan4y@google.nl', '0107 Hovde Place', 71);
insert into Guest (Name, Date_of_birth, Email, Address, Room_number) values ('Jaymie Beininck', '1987-06-18', 'jbeininck4z@nhs.uk', '786 Sunfield Avenue', 72);
insert into Guest (Name, Date_of_birth, Email, Address, Room_number) values ('Noby Pennrington', '1990-05-31', 'npennrington50@photobucket.com', '64 Vidon Way', 72);
insert into Guest (Name, Date_of_birth, Email, Address, Room_number) values ('Joannes Baldack', '1999-09-30', 'jbaldack51@epa.gov', '31 Oak Valley Crossing', 72);
insert into Guest (Name, Date_of_birth, Email, Address, Room_number) values ('Bertie Grzes', '1984-01-20', 'bgrzes52@discovery.com', '6610 Portage Lane', 72);
insert into Guest (Name, Date_of_birth, Email, Address, Room_number) values ('Danna Van Der Vlies', '1983-01-16', 'dvan53@hhs.gov', '95 Parkside Alley', 74);
insert into Guest (Name, Date_of_birth, Email, Address, Room_number) values ('Kayle Pentland', '1987-11-10', 'kpentland54@opensource.org', '75807 Haas Road', 74);
insert into Guest (Name, Date_of_birth, Email, Address, Room_number) values ('Ofelia Gomery', '1993-10-10', 'ogomery55@linkedin.com', '976 Shoshone Parkway', 74);
insert into Guest (Name, Date_of_birth, Email, Address, Room_number) values ('Freddie Aked', '1995-11-17', 'faked56@foxnews.com', '92293 Sullivan Plaza', 74);
insert into Guest (Name, Date_of_birth, Email, Address, Room_number) values ('Dacie Bromet', '1983-07-24', 'dbromet57@tripadvisor.com', '666 Kedzie Crossing', 75);
insert into Guest (Name, Date_of_birth, Email, Address, Room_number) values ('Marlee Mum', '1989-10-21', 'mmum58@dropbox.com', '2 Old Gate Road', 75);
insert into Guest (Name, Date_of_birth, Email, Address, Room_number) values ('Delila Wallett', '1983-09-23', 'dwallett59@salon.com', '5245 Warner Pass', 75);
insert into Guest (Name, Date_of_birth, Email, Address, Room_number) values ('Wenonah Full', '1981-07-13', 'wfull5a@senate.gov', '8119 Hoepker Avenue', 75);
insert into Guest (Name, Date_of_birth, Email, Address, Room_number) values ('Nicko Scrooby', '1991-09-10', 'nscrooby5b@hostgator.com', '116 Canary Alley', 77);
insert into Guest (Name, Date_of_birth, Email, Address, Room_number) values ('Fair Stroyan', '1981-04-10', 'fstroyan5c@google.it', '35 Porter Lane', 77);
insert into Guest (Name, Date_of_birth, Email, Address, Room_number) values ('Giuditta Frances', '1990-02-26', 'gfrances5d@springer.com', '57549 Bartillon Avenue', 79);
insert into Guest (Name, Date_of_birth, Email, Address, Room_number) values ('Benedikt Trustram', '1981-05-21', 'btrustram5e@smugmug.com', '20 Cherokee Pass', 79);
insert into Guest (Name, Date_of_birth, Email, Address, Room_number) values ('Heriberto Asprey', '1988-10-21', 'hasprey5f@toplist.cz', '82 Oriole Plaza', 80);
insert into Guest (Name, Date_of_birth, Email, Address, Room_number) values ('Hillary Attwill', '1998-01-17', 'hattwill5g@desdev.cn', '9760 Tony Way', 80);
insert into Guest (Name, Date_of_birth, Email, Address, Room_number) values ('Josey Lissandre', '1986-11-11', 'jlissandre5h@hhs.gov', '195 Monica Plaza', 82);
insert into Guest (Name, Date_of_birth, Email, Address, Room_number) values ('Kora Kinnoch', '1984-10-19', 'kkinnoch5i@sphinn.com', '78130 Manitowish Street', 82);
insert into Guest (Name, Date_of_birth, Email, Address, Room_number) values ('Janna Addinall', '1992-02-09', 'jaddinall5j@php.net', '1529 Bellgrove Plaza', 82);
insert into Guest (Name, Date_of_birth, Email, Address, Room_number) values ('Nevil Folland', '1985-08-15', 'nfolland5k@nsw.gov.au', '45 Southridge Pass', 82);
insert into Guest (Name, Date_of_birth, Email, Address, Room_number) values ('Cara Whyman', '1987-02-28', 'cwhyman5l@sun.com', '49007 Kingsford Point', 82);
insert into Guest (Name, Date_of_birth, Email, Address, Room_number) values ('Durand Rymell', '1997-02-02', 'drymell5m@php.net', '31366 Heffernan Plaza', 83);
insert into Guest (Name, Date_of_birth, Email, Address, Room_number) values ('Eolanda Cardo', '1982-04-22', 'ecardo5n@cbslocal.com', '74483 Kensington Trail', 85);
insert into Guest (Name, Date_of_birth, Email, Address, Room_number) values ('Urbanus Brecken', '1984-02-10', 'ubrecken5o@lulu.com', '61 Rockefeller Hill', 85);
insert into Guest (Name, Date_of_birth, Email, Address, Room_number) values ('Tod De Cristoforo', '1984-07-23', 'tde5p@prlog.org', '98732 Jana Place', 85);
insert into Guest (Name, Date_of_birth, Email, Address, Room_number) values ('Guthry Bohlens', '1996-04-17', 'gbohlens5q@time.com', '2 Bay Trail', 85);
insert into Guest (Name, Date_of_birth, Email, Address, Room_number) values ('Ode Noton', '1983-03-31', 'onoton5r@bbb.org', '82101 Darwin Drive', 89);
insert into Guest (Name, Date_of_birth, Email, Address, Room_number) values ('Sonja Sheara', '1993-02-26', 'ssheara5s@economist.com', '12 Rowland Terrace', 89);
insert into Guest (Name, Date_of_birth, Email, Address, Room_number) values ('Margaretha Sneezem', '1998-06-09', 'msneezem5t@seesaa.net', '96 Kinsman Terrace', 89);
insert into Guest (Name, Date_of_birth, Email, Address, Room_number) values ('Talbert Brodhead', '1992-11-08', 'tbrodhead5u@tumblr.com', '7041 Ridgeview Park', 90);
insert into Guest (Name, Date_of_birth, Email, Address, Room_number) values ('Marianne L'' Estrange', '1991-03-21', 'ml5v@irs.gov', '4 Eastwood Parkway', 90);
insert into Guest (Name, Date_of_birth, Email, Address, Room_number) values ('Harriot Ludron', '1992-11-19', 'hludron5w@si.edu', '8270 Stuart Pass', 90);
insert into Guest (Name, Date_of_birth, Email, Address, Room_number) values ('Hillyer Staining', '1990-06-12', 'hstaining5x@senate.gov', '36 High Crossing Terrace', 91);
insert into Guest (Name, Date_of_birth, Email, Address, Room_number) values ('Jarib Sposito', '1983-11-27', 'jsposito5y@google.de', '12 Manitowish Junction', 91);
insert into Guest (Name, Date_of_birth, Email, Address, Room_number) values ('Trefor McPhater', '1987-03-16', 'tmcphater5z@stumbleupon.com', '032 Mcguire Way', 92);
insert into Guest (Name, Date_of_birth, Email, Address, Room_number) values ('Persis Grene', '1999-08-30', 'pgrene60@hostgator.com', '4 Mandrake Road', 92);
insert into Guest (Name, Date_of_birth, Email, Address, Room_number) values ('Nealon Hardwidge', '2000-01-11', 'nhardwidge61@tiny.cc', '688 Longview Crossing', 95);
insert into Guest (Name, Date_of_birth, Email, Address, Room_number) values ('Doralynn Learmont', '1990-04-11', 'dlearmont62@sun.com', '65 Shoshone Lane', 95);
insert into Guest (Name, Date_of_birth, Email, Address, Room_number) values ('Vivyanne Meysham', '1985-06-19', 'vmeysham63@hhs.gov', '114 John Wall Drive', 95);
insert into Guest (Name, Date_of_birth, Email, Address, Room_number) values ('Polly Meneur', '1986-04-26', 'pmeneur64@dailymail.co.uk', '190 Towne Court', 95);
insert into Guest (Name, Date_of_birth, Email, Address, Room_number) values ('Anne Coathup', '1996-04-18', 'acoathup65@studiopress.com', '048 Parkside Park', 95);
insert into Guest (Name, Date_of_birth, Email, Address, Room_number) values ('Lucho O''Luney', '1980-06-27', 'loluney66@scribd.com', '39821 Onsgard Circle', 96);
insert into Guest (Name, Date_of_birth, Email, Address, Room_number) values ('Chaddy Pummell', '1998-03-01', 'cpummell67@google.cn', '02055 Eggendart Court', 96);
insert into Guest (Name, Date_of_birth, Email, Address, Room_number) values ('Mickie Hathaway', '1999-08-23', 'mhathaway68@alibaba.com', '8 Anthes Pass', 96);
insert into Guest (Name, Date_of_birth, Email, Address, Room_number) values ('Sylas McWhirter', '1988-07-04', 'smcwhirter69@cbsnews.com', '1974 American Park', 96);
insert into Guest (Name, Date_of_birth, Email, Address, Room_number) values ('Dorthy Puttnam', '1984-06-16', 'dputtnam6a@ox.ac.uk', '6 Mayer Center', 96);
insert into Guest (Name, Date_of_birth, Email, Address, Room_number) values ('Marabel Oswick', '1997-06-07', 'moswick6b@icio.us', '5 Marcy Road', 96);
insert into Guest (Name, Date_of_birth, Email, Address, Room_number) values ('Miguelita Pablo', '1983-05-25', 'mpablo6c@vinaora.com', '90 Scoville Circle', 97);
insert into Guest (Name, Date_of_birth, Email, Address, Room_number) values ('Danit Olifaunt', '1991-01-16', 'dolifaunt6d@intel.com', '69 Oneill Trail', 98);
insert into Guest (Name, Date_of_birth, Email, Address, Room_number) values ('Ingeberg Tice', '1997-11-14', 'itice6e@wired.com', '08028 Stone Corner Alley', 100);
insert into Guest (Name, Date_of_birth, Email, Address, Room_number) values ('Bridie Laming', '1988-11-09', 'blaming6f@over-blog.com', '2810 Muir Point', 100);
insert into Guest (Name, Date_of_birth, Email, Address, Room_number) values ('Wakefield Haveline', '1994-06-03', 'whaveline6g@twitpic.com', '86 Norway Maple Place', 101);
insert into Guest (Name, Date_of_birth, Email, Address, Room_number) values ('Brier Flook', '1995-02-10', 'bflook6h@unc.edu', '4 Starling Center', 101);
insert into Guest (Name, Date_of_birth, Email, Address, Room_number) values ('Cirstoforo Tetley', '1994-04-30', 'ctetley6j@jigsy.com', '873 Mockingbird Hill', 101);
insert into Guest (Name, Date_of_birth, Email, Address, Room_number) values ('Padriac Deyes', '1988-03-30', 'pdeyes6k@ustream.tv', '129 Birchwood Plaza', 101);
insert into Guest (Name, Date_of_birth, Email, Address, Room_number) values ('Trever Rosenthaler', '1985-11-27', 'trosenthaler6l@google.ca', '49716 Division Plaza', 102);
insert into Guest (Name, Date_of_birth, Email, Address, Room_number) values ('Ursa McTrustram', '1990-04-30', 'umctrustram6m@oaic.gov.au', '90 Jackson Junction', 102);
insert into Guest (Name, Date_of_birth, Email, Address, Room_number) values ('Olenolin Fortman', '1997-04-27', 'ofortman6n@illinois.edu', '21 Fulton Pass', 102);
insert into Guest (Name, Date_of_birth, Email, Address, Room_number) values ('Todd Joutapavicius', '1990-11-10', 'tjoutapavicius6o@unblog.fr', '6 Melby Center', 105);
insert into Guest (Name, Date_of_birth, Email, Address, Room_number) values ('Nolan Fury', '1981-04-27', 'nfury6p@mashable.com', '41 Thompson Pass', 105);
insert into Guest (Name, Date_of_birth, Email, Address, Room_number) values ('Torey Roblett', '1985-10-23', 'troblett6q@gmpg.org', '634 Center Road', 105);
insert into Guest (Name, Date_of_birth, Email, Address, Room_number) values ('Lora Daws', '1989-12-20', 'ldaws6r@about.com', '33178 Stone Corner Crossing', 105);
insert into Guest (Name, Date_of_birth, Email, Address, Room_number) values ('Madeleine Langabeer', '1984-12-18', 'mlangabeer6s@phoca.cz', '59 Bayside Pass', 105);
insert into Guest (Name, Date_of_birth, Email, Address, Room_number) values ('Delly Caulkett', '1986-10-17', 'dcaulkett6t@nps.gov', '92 Blaine Place', 105);
insert into Guest (Name, Date_of_birth, Email, Address, Room_number) values ('Elianore Pimer', '1994-08-29', 'epimer6u@yahoo.co.jp', '4 Garrison Lane', 106);
insert into Guest (Name, Date_of_birth, Email, Address, Room_number) values ('Matti Beck', '1985-11-12', 'mbeck6v@cafepress.com', '1264 Bashford Hill', 106);
insert into Guest (Name, Date_of_birth, Email, Address, Room_number) values ('Emlynn Villa', '1996-07-03', 'evilla6w@irs.gov', '0 Tony Street', 106);
insert into Guest (Name, Date_of_birth, Email, Address, Room_number) values ('Dennie Comiskey', '1992-02-21', 'dcomiskey6x@twitter.com', '0 Hauk Lane', 106);
insert into Guest (Name, Date_of_birth, Email, Address, Room_number) values ('Allissa Delucia', '1999-08-28', 'adelucia6y@guardian.co.uk', '18 Golden Leaf Terrace', 107);
insert into Guest (Name, Date_of_birth, Email, Address, Room_number) values ('Joellen Droogan', '1987-08-17', 'jdroogan6z@dagondesign.com', '130 Eagle Crest Avenue', 107);
insert into Guest (Name, Date_of_birth, Email, Address, Room_number) values ('Shaylyn Sweetenham', '1992-03-09', 'ssweetenham70@pen.io', '8916 Farragut Pass', 109);
insert into Guest (Name, Date_of_birth, Email, Address, Room_number) values ('Kylen Tovey', '1981-07-30', 'ktovey71@blinklist.com', '2 Arizona Way', 109);
insert into Guest (Name, Date_of_birth, Email, Address, Room_number) values ('Adara Killough', '1998-06-10', 'akillough72@cdbaby.com', '4067 New Castle Trail', 110);
insert into Guest (Name, Date_of_birth, Email, Address, Room_number) values ('Tasia Gibbin', '1992-11-27', 'tgibbin73@ucoz.com', '20283 Lakeland Court', 111);
insert into Guest (Name, Date_of_birth, Email, Address, Room_number) values ('Missy Zoanetti', '1986-04-23', 'mzoanetti74@mit.edu', '070 Clemons Terrace', 111);
insert into Guest (Name, Date_of_birth, Email, Address, Room_number) values ('Jackelyn Tardiff', '1991-08-27', 'jtardiff75@mlb.com', '4 Troy Drive', 111);
insert into Guest (Name, Date_of_birth, Email, Address, Room_number) values ('Alex Giacovelli', '1999-04-14', 'agiacovelli76@webeden.co.uk', '682 Oakridge Center', 114);
insert into Guest (Name, Date_of_birth, Email, Address, Room_number) values ('Caz Windram', '1980-10-23', 'cwindram77@archive.org', '5 Norway Maple Park', 114);
insert into Guest (Name, Date_of_birth, Email, Address, Room_number) values ('Ambrosio Work', '1994-08-22', 'awork78@ox.ac.uk', '1089 Bartelt Terrace', 114);
insert into Guest (Name, Date_of_birth, Email, Address, Room_number) values ('Codi Hamsson', '1980-08-25', 'chamsson79@drupal.org', '9945 Judy Pass', 114);
insert into Guest (Name, Date_of_birth, Email, Address, Room_number) values ('Tedi Sinnott', '1997-03-18', 'tsinnott7a@lulu.com', '4 Bellgrove Circle', 114);
insert into Guest (Name, Date_of_birth, Email, Address, Room_number) values ('Freddie Woodus', '1991-09-25', 'fwoodus7b@nature.com', '819 Melvin Alley', 114);
insert into Guest (Name, Date_of_birth, Email, Address, Room_number) values ('Jilli Blazi', '1994-11-10', 'jblazi7c@sogou.com', '6 Springs Parkway', 115);
insert into Guest (Name, Date_of_birth, Email, Address, Room_number) values ('Friederike Curuclis', '1991-04-05', 'fcuruclis7d@hubpages.com', '59366 Sauthoff Crossing', 115);
insert into Guest (Name, Date_of_birth, Email, Address, Room_number) values ('Maryjane Creebo', '1987-07-01', 'mcreebo7e@domainmarket.com', '86 Luster Avenue', 115);
insert into Guest (Name, Date_of_birth, Email, Address, Room_number) values ('Lola Gorrie', '1989-03-26', 'lgorrie7f@diigo.com', '71824 Pawling Circle', 115);
insert into Guest (Name, Date_of_birth, Email, Address, Room_number) values ('Cristiano Alvarado', '1983-01-03', 'calvarado7g@sciencedaily.com', '1634 Helena Hill', 115);
insert into Guest (Name, Date_of_birth, Email, Address, Room_number) values ('Sherry Bartle', '1991-01-10', 'sbartle7h@umich.edu', '4 Blackbird Court', 115);
insert into Guest (Name, Date_of_birth, Email, Address, Room_number) values ('Teodoor Towersey', '1992-04-26', 'ttowersey7i@drupal.org', '582 Dayton Center', 115);
insert into Guest (Name, Date_of_birth, Email, Address, Room_number) values ('Ringo Letham', '1980-09-26', 'rletham7j@nytimes.com', '1 Knutson Lane', 116);
insert into Guest (Name, Date_of_birth, Email, Address, Room_number) values ('Tamera Prazor', '2000-02-03', 'tprazor7k@home.pl', '7 Wayridge Street', 116);
insert into Guest (Name, Date_of_birth, Email, Address, Room_number) values ('Dennis Antognetti', '1992-01-02', 'dantognetti7l@posterous.com', '141 Northview Pass', 116);
insert into Guest (Name, Date_of_birth, Email, Address, Room_number) values ('Deerdre Sapey', '1994-08-31', 'dsapey7m@thetimes.co.uk', '16329 South Drive', 116);
insert into Guest (Name, Date_of_birth, Email, Address, Room_number) values ('Danya Zincke', '1992-01-25', 'dzincke7n@uol.com.br', '4955 Cherokee Way', 116);
insert into Guest (Name, Date_of_birth, Email, Address, Room_number) values ('Tillie Godmar', '1989-05-03', 'tgodmar7o@cloudflare.com', '722 Novick Road', 117);
insert into Guest (Name, Date_of_birth, Email, Address, Room_number) values ('Jerad Rieme', '1981-09-08', 'jrieme7p@last.fm', '23477 Old Gate Circle', 117);
insert into Guest (Name, Date_of_birth, Email, Address, Room_number) values ('Pat Murkin', '1990-03-23', 'pmurkin7q@theguardian.com', '9093 Grasskamp Avenue', 118);
insert into Guest (Name, Date_of_birth, Email, Address, Room_number) values ('Arlana Millis', '1994-11-29', 'amillis7r@mysql.com', '049 Washington Avenue', 119);
insert into Guest (Name, Date_of_birth, Email, Address, Room_number) values ('Hasty Pirri', '1995-01-21', 'hpirri7s@ow.ly', '965 3rd Plaza', 121);
insert into Guest (Name, Date_of_birth, Email, Address, Room_number) values ('Wood Janicki', '1987-05-20', 'wjanicki7t@sourceforge.net', '3 Pawling Street', 121);
insert into Guest (Name, Date_of_birth, Email, Address, Room_number) values ('Morgen Tumelty', '1988-01-01', 'mtumelty7u@cnbc.com', '059 Village Green Circle', 123);
insert into Guest (Name, Date_of_birth, Email, Address, Room_number) values ('Hy Claasen', '1989-08-20', 'hclaasen7v@over-blog.com', '73469 High Crossing Court', 123);
insert into Guest (Name, Date_of_birth, Email, Address, Room_number) values ('Norina Maudsley', '1983-08-07', 'nmaudsley7w@bloomberg.com', '64079 Nelson Drive', 123);
insert into Guest (Name, Date_of_birth, Email, Address, Room_number) values ('Gayla Layson', '1999-01-02', 'glayson7x@seattletimes.com', '1201 Kingsford Way', 123);
insert into Guest (Name, Date_of_birth, Email, Address, Room_number) values ('Evey Buncher', '1995-03-14', 'ebuncher7y@github.com', '5 Hansons Pass', 123);
insert into Guest (Name, Date_of_birth, Email, Address, Room_number) values ('Franny Rushman', '1996-11-09', 'frushman7z@slate.com', '54857 Sherman Avenue', 123);
insert into Guest (Name, Date_of_birth, Email, Address, Room_number) values ('Max Arghent', '1984-06-11', 'marghent80@senate.gov', '31720 Dixon Hill', 125);
insert into Guest (Name, Date_of_birth, Email, Address, Room_number) values ('Maddi Daltry', '1999-06-03', 'mdaltry81@canalblog.com', '48 Tennessee Point', 125);
insert into Guest (Name, Date_of_birth, Email, Address, Room_number) values ('Ediva Tesauro', '1990-05-14', 'etesauro82@squarespace.com', '0 Sunfield Trail', 125);
insert into Guest (Name, Date_of_birth, Email, Address, Room_number) values ('Emma Masser', '1981-09-09', 'emasser83@networksolutions.com', '7297 Ronald Regan Road', 125);
insert into Guest (Name, Date_of_birth, Email, Address, Room_number) values ('Amos Attiwill', '1997-11-09', 'aattiwill84@myspace.com', '5 Lotheville Parkway', 128);
insert into Guest (Name, Date_of_birth, Email, Address, Room_number) values ('Grata Saddington', '1994-12-02', 'gsaddington85@naver.com', '4783 American Ash Junction', 128);
insert into Guest (Name, Date_of_birth, Email, Address, Room_number) values ('Carmella Lorant', '1987-05-02', 'clorant86@dailymotion.com', '8649 Mariners Cove Point', 130);
insert into Guest (Name, Date_of_birth, Email, Address, Room_number) values ('Nester Kingcott', '1985-06-30', 'nkingcott87@ebay.co.uk', '008 Pankratz Junction', 131);
insert into Guest (Name, Date_of_birth, Email, Address, Room_number) values ('Jyoti Fountian', '1986-11-24', 'jfountian88@tiny.cc', '82 Park Meadow Circle', 131);
insert into Guest (Name, Date_of_birth, Email, Address, Room_number) values ('Tedie Osborn', '1996-02-16', 'tosborn89@edublogs.org', '03466 Larry Avenue', 131);
insert into Guest (Name, Date_of_birth, Email, Address, Room_number) values ('Arnie Beecheno', '1995-04-08', 'abeecheno8a@discovery.com', '41835 David Point', 132);
insert into Guest (Name, Date_of_birth, Email, Address, Room_number) values ('Onida Tolossi', '1992-03-31', 'otolossi8b@europa.eu', '077 Ridgeview Lane', 132);
insert into Guest (Name, Date_of_birth, Email, Address, Room_number) values ('Jolene Howel', '1985-11-06', 'jhowel4p@etsy.com', '1 Anthes Court', 132);
insert into Guest (Name, Date_of_birth, Email, Address, Room_number) values ('Odelinda Heyns', '1998-09-19', 'oheyns4q@tinyurl.com', '2257 Hudson Street', 134);
insert into Guest (Name, Date_of_birth, Email, Address, Room_number) values ('Justina Rigmand', '1989-06-11', 'jrigmandk@archive.org', '96291 Sugar Lane', 134);
insert into Guest (Name, Date_of_birth, Email, Address, Room_number) values ('Court Duckworth', '1998-04-16', 'cduckworthl@t.co', '38 Declaration Alley', 134);
insert into Guest (Name, Date_of_birth, Email, Address, Room_number) values ('Timmie Gummary', '1991-10-15', 'tgummarym@purevolume.com', '0 Heath Lane', 134);
insert into Guest (Name, Date_of_birth, Email, Address, Room_number) values ('Kasper Bevington', '1991-02-09', 'kbevington2p@tumblr.com', '9773 Waubesa Road', 135);
insert into Guest (Name, Date_of_birth, Email, Address, Room_number) values ('Chev Haslen', '1993-07-27', 'chaslen2q@digg.com', '56063 Glacier Hill Avenue', 135);
insert into Guest (Name, Date_of_birth, Email, Address, Room_number) values ('Milicent Godbert', '1985-02-23', 'mgodbert2n@vimeo.com', '48 Becker Plaza', 135);
insert into Guest (Name, Date_of_birth, Email, Address, Room_number) values ('Grissel Larner', '1989-03-07', 'glarner2o@zimbio.com', '753 Havey Trail', 135);

insert into Requests (Date_issued, Date_fufilled, Request_specifications, Room_number, Employee_id) values ('2022-04-29', '2022-05-01', 'Please bring up one pepperoni pizza.', 111, 11);
insert into Requests (Date_issued, Date_fufilled, Request_specifications, Room_number, Employee_id) values ('2022-04-29', '2022-05-01', 'Do you have any salads to order?', 2, 12);
insert into Requests (Date_issued, Date_fufilled, Request_specifications, Room_number, Employee_id) values ('2022-04-29', '2022-05-01', 'Can you unlock the Discovery Channel in my room?', 59, 13);
insert into Requests (Date_issued, Date_fufilled, Request_specifications, Room_number, Employee_id) values ('2022-04-29', '2022-05-01', 'I have a request for extra pillows', 78, 15);
insert into Requests (Date_issued, Date_fufilled, Request_specifications, Room_number, Employee_id) values ('2022-04-29', '2022-05-01', 'Can we reserve a meeting room for around 5?', 113, 16);
insert into Requests (Date_issued, Date_fufilled, Request_specifications, Room_number, Employee_id) values ('2022-04-29', '2022-05-01', 'Our room is a bit hot. Anybody able to change the temp?', 11, 18);
insert into Requests (Date_issued, Date_fufilled, Request_specifications, Room_number, Employee_id) values ('2022-04-29', '2022-05-01', 'Is there someone that can bring up breakfast to our room?', 100, 19);
insert into Requests (Date_issued, Date_fufilled, Request_specifications, Room_number, Employee_id) values ('2022-04-29', '2022-05-01', 'We would like somebody to bring up some Orange Juice to our room please.', 81, 20);
insert into Requests (Date_issued, Date_fufilled, Request_specifications, Room_number, Employee_id) values ('2022-04-29', '2022-05-01', 'Can you get somebody to bring a change of towels?', 52, 21);
insert into Requests (Date_issued, Date_fufilled, Request_specifications, Room_number, Employee_id) values ('2022-04-29', '2022-05-01', 'Do you have any extra pillows for us to use?', 102, 22);
insert into Requests (Date_issued, Date_fufilled, Request_specifications, Room_number, Employee_id) values ('2022-04-29', '2022-05-01', 'When will the next stage show be performed here?', 120, 23);
insert into Requests (Date_issued, Date_fufilled, Request_specifications, Room_number, Employee_id) values ('2022-04-29', '2022-05-01', 'I have a package that was dropped off here, do you mind sending someone to give it to me?', 3, 26);
insert into Requests (Date_issued, Date_fufilled, Request_specifications, Room_number, Employee_id) values ('2022-04-29', '2022-05-01', 'Can a bellhop be sent here so that we can load up our things?', 100, 28);
insert into Requests (Date_issued, Date_fufilled, Request_specifications, Room_number, Employee_id) values ('2022-04-29', '2022-05-01', 'We would like to request a change of rooms.', 88, 29);

insert into Reservations (Check_in, Check_out) values ('2012-04-29', '2012-05-01');
insert into Reservations (Check_in, Check_out) values ('2012-04-29', '2012-05-01');
insert into Reservations (Check_in, Check_out) values ('2012-04-29', '2012-05-01');
insert into Reservations (Check_in, Check_out) values ('2012-04-29', '2012-05-01');
insert into Reservations (Check_in, Check_out) values ('2012-04-29', '2012-05-01');
insert into Reservations (Check_in, Check_out) values ('2012-04-29', '2012-05-01');
insert into Reservations (Check_in, Check_out) values ('2012-04-29', '2012-05-01');
insert into Reservations (Check_in, Check_out) values ('2012-04-29', '2012-05-01');
insert into Reservations (Check_in, Check_out) values ('2012-04-29', '2012-05-01');
insert into Reservations (Check_in, Check_out) values ('2012-04-29', '2012-05-01');
insert into Reservations (Check_in, Check_out) values ('2012-04-29', '2012-05-01');
insert into Reservations (Check_in, Check_out) values ('2012-04-29', '2012-05-01');
insert into Reservations (Check_in, Check_out) values ('2012-04-29', '2012-05-01');
insert into Reservations (Check_in, Check_out) values ('2012-04-29', '2012-05-01');
insert into Reservations (Check_in, Check_out) values ('2012-04-29', '2012-05-01');
insert into Reservations (Check_in, Check_out) values ('2012-04-29', '2012-05-01');
insert into Reservations (Check_in, Check_out) values ('2012-04-29', '2012-05-01');
insert into Reservations (Check_in, Check_out) values ('2012-04-29', '2012-05-01');
insert into Reservations (Check_in, Check_out) values ('2012-04-29', '2012-05-01');
insert into Reservations (Check_in, Check_out) values ('2012-04-29', '2012-05-01');
insert into Reservations (Check_in, Check_out) values ('2012-04-29', '2012-05-01');
insert into Reservations (Check_in, Check_out) values ('2012-04-29', '2012-05-01');
insert into Reservations (Check_in, Check_out) values ('2012-04-29', '2012-05-01');
insert into Reservations (Check_in, Check_out) values ('2012-04-29', '2012-05-01');
insert into Reservations (Check_in, Check_out) values ('2012-04-29', '2012-05-01');
insert into Reservations (Check_in, Check_out) values ('2012-04-29', '2012-05-01');
insert into Reservations (Check_in, Check_out) values ('2012-04-29', '2012-05-01');
insert into Reservations (Check_in, Check_out) values ('2012-04-29', '2012-05-01');
insert into Reservations (Check_in, Check_out) values ('2012-04-29', '2012-05-01');
insert into Reservations (Check_in, Check_out) values ('2012-04-29', '2012-05-01');
insert into Reservations (Check_in, Check_out) values ('2012-04-29', '2012-05-01');
insert into Reservations (Check_in, Check_out) values ('2012-04-29', '2012-05-01');
insert into Reservations (Check_in, Check_out) values ('2012-04-29', '2012-05-01');
insert into Reservations (Check_in, Check_out) values ('2012-04-29', '2012-05-01');
insert into Reservations (Check_in, Check_out) values ('2012-04-29', '2012-05-01');
insert into Reservations (Check_in, Check_out) values ('2012-04-29', '2012-05-01');
insert into Reservations (Check_in, Check_out) values ('2012-04-29', '2012-05-01');
insert into Reservations (Check_in, Check_out) values ('2012-04-29', '2012-05-01');
insert into Reservations (Check_in, Check_out) values ('2012-04-29', '2012-05-01');
insert into Reservations (Check_in, Check_out) values ('2012-04-29', '2012-05-01');
insert into Reservations (Check_in, Check_out) values ('2012-04-29', '2012-05-01');
insert into Reservations (Check_in, Check_out) values ('2012-04-29', '2012-05-01');
insert into Reservations (Check_in, Check_out) values ('2012-04-29', '2012-05-01');
insert into Reservations (Check_in, Check_out) values ('2012-04-29', '2012-05-01');
insert into Reservations (Check_in, Check_out) values ('2012-04-29', '2012-05-01');
insert into Reservations (Check_in, Check_out) values ('2012-04-29', '2012-05-01');
insert into Reservations (Check_in, Check_out) values ('2012-04-29', '2012-05-01');
insert into Reservations (Check_in, Check_out) values ('2012-04-29', '2012-05-01');
insert into Reservations (Check_in, Check_out) values ('2012-04-29', '2012-05-01');
insert into Reservations (Check_in, Check_out) values ('2012-04-29', '2012-05-01');
insert into Reservations (Check_in, Check_out) values ('2012-04-29', '2012-05-01');
insert into Reservations (Check_in, Check_out) values ('2012-04-29', '2012-05-01');
insert into Reservations (Check_in, Check_out) values ('2012-04-29', '2012-05-01');
insert into Reservations (Check_in, Check_out) values ('2012-04-29', '2012-05-01');
insert into Reservations (Check_in, Check_out) values ('2012-04-29', '2012-05-01');
insert into Reservations (Check_in, Check_out) values ('2012-04-29', '2012-05-01');
insert into Reservations (Check_in, Check_out) values ('2012-04-29', '2012-05-01');
insert into Reservations (Check_in, Check_out) values ('2012-04-29', '2012-05-01');
insert into Reservations (Check_in, Check_out) values ('2012-04-29', '2012-05-01');
insert into Reservations (Check_in, Check_out) values ('2012-04-29', '2012-05-01');
insert into Reservations (Check_in, Check_out) values ('2012-04-29', '2012-05-01');
insert into Reservations (Check_in, Check_out) values ('2012-04-29', '2012-05-01');
insert into Reservations (Check_in, Check_out) values ('2012-04-29', '2012-05-01');
insert into Reservations (Check_in, Check_out) values ('2012-04-29', '2012-05-01');
insert into Reservations (Check_in, Check_out) values ('2012-04-29', '2012-05-01');
insert into Reservations (Check_in, Check_out) values ('2012-04-29', '2012-05-01');
insert into Reservations (Check_in, Check_out) values ('2012-04-29', '2012-05-01');
insert into Reservations (Check_in, Check_out) values ('2012-04-29', '2012-05-01');
insert into Reservations (Check_in, Check_out) values ('2012-04-29', '2012-05-01');
insert into Reservations (Check_in, Check_out) values ('2012-04-29', '2012-05-01');
insert into Reservations (Check_in, Check_out) values ('2012-04-29', '2012-05-01');
insert into Reservations (Check_in, Check_out) values ('2012-04-29', '2012-05-01');
insert into Reservations (Check_in, Check_out) values ('2012-04-29', '2012-05-01');
insert into Reservations (Check_in, Check_out) values ('2012-04-29', '2012-05-01');
insert into Reservations (Check_in, Check_out) values ('2012-04-29', '2012-05-01');
insert into Reservations (Check_in, Check_out) values ('2012-04-29', '2012-05-01');
insert into Reservations (Check_in, Check_out) values ('2012-04-29', '2012-05-01');
insert into Reservations (Check_in, Check_out) values ('2012-04-29', '2012-05-01');
insert into Reservations (Check_in, Check_out) values ('2012-04-29', '2012-05-01');
insert into Reservations (Check_in, Check_out) values ('2012-04-29', '2012-05-01');
insert into Reservations (Check_in, Check_out) values ('2012-04-29', '2012-05-01');
insert into Reservations (Check_in, Check_out) values ('2012-04-29', '2012-05-01');
insert into Reservations (Check_in, Check_out) values ('2012-04-29', '2012-05-01');
insert into Reservations (Check_in, Check_out) values ('2012-04-29', '2012-05-01');
insert into Reservations (Check_in, Check_out) values ('2012-04-29', '2012-05-01');
insert into Reservations (Check_in, Check_out) values ('2012-04-29', '2012-05-01');
insert into Reservations (Check_in, Check_out) values ('2012-04-29', '2012-05-01');
insert into Reservations (Check_in, Check_out) values ('2012-04-29', '2012-05-01');
insert into Reservations (Check_in, Check_out) values ('2012-04-29', '2012-05-01');
insert into Reservations (Check_in, Check_out) values ('2012-04-29', '2012-05-01');
insert into Reservations (Check_in, Check_out) values ('2012-04-29', '2012-05-01');
insert into Reservations (Check_in, Check_out) values ('2012-04-29', '2012-05-01');
insert into Reservations (Check_in, Check_out) values ('2012-04-29', '2012-05-01');
insert into Reservations (Check_in, Check_out) values ('2012-04-29', '2012-05-01');
insert into Reservations (Check_in, Check_out) values ('2012-04-29', '2012-05-01');
insert into Reservations (Check_in, Check_out) values ('2012-04-29', '2012-05-01');

insert into ARE_SERVED_BY (Employee_id, Room_number) values (11, 111);
insert into ARE_SERVED_BY (Employee_id, Room_number) values (12, 2);
insert into ARE_SERVED_BY (Employee_id, Room_number) values (13, 59);
insert into ARE_SERVED_BY (Employee_id, Room_number) values (15, 78);
insert into ARE_SERVED_BY (Employee_id, Room_number) values (16, 113);
insert into ARE_SERVED_BY (Employee_id, Room_number) values (18, 11);
insert into ARE_SERVED_BY (Employee_id, Room_number) values (19, 100);
insert into ARE_SERVED_BY (Employee_id, Room_number) values (20, 81);
insert into ARE_SERVED_BY (Employee_id, Room_number) values (21, 52);
insert into ARE_SERVED_BY (Employee_id, Room_number) values (22, 102);
insert into ARE_SERVED_BY (Employee_id, Room_number) values (23, 120);
insert into ARE_SERVED_BY (Employee_id, Room_number) values (26, 3);
insert into ARE_SERVED_BY (Employee_id, Room_number) values (28, 108);
insert into ARE_SERVED_BY (Employee_id, Room_number) values (29, 88);

insert into UPKEEPS (Employee_id, Floor_number) values (31, 9);
insert into UPKEEPS (Employee_id, Floor_number) values (32, 4);
insert into UPKEEPS (Employee_id, Floor_number) values (33, 5);
insert into UPKEEPS (Employee_id, Floor_number) values (34, 2);
insert into UPKEEPS (Employee_id, Floor_number) values (35, 1);
insert into UPKEEPS (Employee_id, Floor_number) values (36, 2);
insert into UPKEEPS (Employee_id, Floor_number) values (37, 9);
insert into UPKEEPS (Employee_id, Floor_number) values (38, 1);
insert into UPKEEPS (Employee_id, Floor_number) values (39, 2);
insert into UPKEEPS (Employee_id, Floor_number) values (40, 12);
insert into UPKEEPS (Employee_id, Floor_number) values (41, 1);
insert into UPKEEPS (Employee_id, Floor_number) values (42, 4);
insert into UPKEEPS (Employee_id, Floor_number) values (43, 7);
insert into UPKEEPS (Employee_id, Floor_number) values (44, 10);
insert into UPKEEPS (Employee_id, Floor_number) values (45, 11);
insert into UPKEEPS (Employee_id, Floor_number) values (46, 8);
insert into UPKEEPS (Employee_id, Floor_number) values (47, 8);
insert into UPKEEPS (Employee_id, Floor_number) values (48, 5);
insert into UPKEEPS (Employee_id, Floor_number) values (49, 5);
insert into UPKEEPS (Employee_id, Floor_number) values (50, 11);

insert into BOOKING (Guest_id, Room_number, Booking_id) values (1, 1, 1);
insert into BOOKING (Guest_id, Room_number, Booking_id) values (3, 2, 2);
insert into BOOKING (Guest_id, Room_number, Booking_id) values (5, 4, 3);
insert into BOOKING (Guest_id, Room_number, Booking_id) values (8, 5, 4);
insert into BOOKING (Guest_id, Room_number, Booking_id) values (9, 6, 5);
insert into BOOKING (Guest_id, Room_number, Booking_id) values (11, 7, 6);
insert into BOOKING (Guest_id, Room_number, Booking_id) values (19, 8, 7);
insert into BOOKING (Guest_id, Room_number, Booking_id) values (22, 9, 8);
insert into BOOKING (Guest_id, Room_number, Booking_id) values (24, 10, 9);
insert into BOOKING (Guest_id, Room_number, Booking_id) values (26, 12, 10);
insert into BOOKING (Guest_id, Room_number, Booking_id) values (28, 13, 11);
insert into BOOKING (Guest_id, Room_number, Booking_id) values (31, 14, 12);
insert into BOOKING (Guest_id, Room_number, Booking_id) values (35, 15, 13);
insert into BOOKING (Guest_id, Room_number, Booking_id) values (36, 16, 14);
insert into BOOKING (Guest_id, Room_number, Booking_id) values (38, 17, 15);
insert into BOOKING (Guest_id, Room_number, Booking_id) values (40, 19, 16);
insert into BOOKING (Guest_id, Room_number, Booking_id) values (45, 20, 17);
insert into BOOKING (Guest_id, Room_number, Booking_id) values (49, 21, 18);
insert into BOOKING (Guest_id, Room_number, Booking_id) values (51, 24, 19);
insert into BOOKING (Guest_id, Room_number, Booking_id) values (53, 25, 20);
insert into BOOKING (Guest_id, Room_number, Booking_id) values (58, 26, 21);
insert into BOOKING (Guest_id, Room_number, Booking_id) values (65, 28, 22);
insert into BOOKING (Guest_id, Room_number, Booking_id) values (67, 30, 23);
insert into BOOKING (Guest_id, Room_number, Booking_id) values (71, 31, 24);
insert into BOOKING (Guest_id, Room_number, Booking_id) values (74, 32, 25);
insert into BOOKING (Guest_id, Room_number, Booking_id) values (78, 33, 26);
insert into BOOKING (Guest_id, Room_number, Booking_id) values (81, 34, 27);
insert into BOOKING (Guest_id, Room_number, Booking_id) values (85, 36, 28);
insert into BOOKING (Guest_id, Room_number, Booking_id) values (87, 37, 29);
insert into BOOKING (Guest_id, Room_number, Booking_id) values (89, 39, 30);
insert into BOOKING (Guest_id, Room_number, Booking_id) values (94, 40, 31);
insert into BOOKING (Guest_id, Room_number, Booking_id) values (99, 41, 32);
insert into BOOKING (Guest_id, Room_number, Booking_id) values (101, 43, 33);
insert into BOOKING (Guest_id, Room_number, Booking_id) values (105, 44, 34);
insert into BOOKING (Guest_id, Room_number, Booking_id) values (109, 45, 35);
insert into BOOKING (Guest_id, Room_number, Booking_id) values (112, 47, 36);
insert into BOOKING (Guest_id, Room_number, Booking_id) values (115, 49, 37);
insert into BOOKING (Guest_id, Room_number, Booking_id) values (117, 50, 38);
insert into BOOKING (Guest_id, Room_number, Booking_id) values (119, 51, 39);
insert into BOOKING (Guest_id, Room_number, Booking_id) values (121, 53, 40);
insert into BOOKING (Guest_id, Room_number, Booking_id) values (128, 54, 41);
insert into BOOKING (Guest_id, Room_number, Booking_id) values (135, 55, 42);
insert into BOOKING (Guest_id, Room_number, Booking_id) values (137, 56, 43);
insert into BOOKING (Guest_id, Room_number, Booking_id) values (138, 57, 44);
insert into BOOKING (Guest_id, Room_number, Booking_id) values (142, 58, 45);
insert into BOOKING (Guest_id, Room_number, Booking_id) values (145, 59, 46);
insert into BOOKING (Guest_id, Room_number, Booking_id) values (147, 61, 47);
insert into BOOKING (Guest_id, Room_number, Booking_id) values (151, 62, 48);
insert into BOOKING (Guest_id, Room_number, Booking_id) values (155, 63, 49);
insert into BOOKING (Guest_id, Room_number, Booking_id) values (157, 64, 50);
insert into BOOKING (Guest_id, Room_number, Booking_id) values (159, 67, 51);
insert into BOOKING (Guest_id, Room_number, Booking_id) values (165, 69, 52);
insert into BOOKING (Guest_id, Room_number, Booking_id) values (167, 70, 53);
insert into BOOKING (Guest_id, Room_number, Booking_id) values (168, 71, 54);
insert into BOOKING (Guest_id, Room_number, Booking_id) values (172, 72, 55);
insert into BOOKING (Guest_id, Room_number, Booking_id) values (176, 74, 56);
insert into BOOKING (Guest_id, Room_number, Booking_id) values (180, 75, 57);
insert into BOOKING (Guest_id, Room_number, Booking_id) values (184, 77, 58);
insert into BOOKING (Guest_id, Room_number, Booking_id) values (186, 79, 59);
insert into BOOKING (Guest_id, Room_number, Booking_id) values (188, 80, 60);
insert into BOOKING (Guest_id, Room_number, Booking_id) values (190, 82, 61);
insert into BOOKING (Guest_id, Room_number, Booking_id) values (195, 83, 62);
insert into BOOKING (Guest_id, Room_number, Booking_id) values (196, 85, 63);
insert into BOOKING (Guest_id, Room_number, Booking_id) values (200, 89, 67);
insert into BOOKING (Guest_id, Room_number, Booking_id) values (203, 90, 68);
insert into BOOKING (Guest_id, Room_number, Booking_id) values (206, 91, 69);
insert into BOOKING (Guest_id, Room_number, Booking_id) values (208, 92, 70);
insert into BOOKING (Guest_id, Room_number, Booking_id) values (210, 95, 71);
insert into BOOKING (Guest_id, Room_number, Booking_id) values (215, 96, 72);
insert into BOOKING (Guest_id, Room_number, Booking_id) values (221, 97, 73);
insert into BOOKING (Guest_id, Room_number, Booking_id) values (222, 98, 74);
insert into BOOKING (Guest_id, Room_number, Booking_id) values (223, 100, 75);
insert into BOOKING (Guest_id, Room_number, Booking_id) values (225, 101, 76);
insert into BOOKING (Guest_id, Room_number, Booking_id) values (229, 102, 77);
insert into BOOKING (Guest_id, Room_number, Booking_id) values (233, 105, 80);
insert into BOOKING (Guest_id, Room_number, Booking_id) values (238, 106, 81);
insert into BOOKING (Guest_id, Room_number, Booking_id) values (242, 107, 82);
insert into BOOKING (Guest_id, Room_number, Booking_id) values (244, 109, 83);
insert into BOOKING (Guest_id, Room_number, Booking_id) values (246, 110, 84);
insert into BOOKING (Guest_id, Room_number, Booking_id) values (247, 111, 85);
insert into BOOKING (Guest_id, Room_number, Booking_id) values (250, 114, 86);
insert into BOOKING (Guest_id, Room_number, Booking_id) values (256, 115, 87);
insert into BOOKING (Guest_id, Room_number, Booking_id) values (263, 116, 88);
insert into BOOKING (Guest_id, Room_number, Booking_id) values (268, 117, 89);
insert into BOOKING (Guest_id, Room_number, Booking_id) values (270, 118, 90);
insert into BOOKING (Guest_id, Room_number, Booking_id) values (271, 119, 91);
insert into BOOKING (Guest_id, Room_number, Booking_id) values (272, 121, 92);
insert into BOOKING (Guest_id, Room_number, Booking_id) values (274, 123, 94);
insert into BOOKING (Guest_id, Room_number, Booking_id) values (280, 125, 95);
insert into BOOKING (Guest_id, Room_number, Booking_id) values (284, 128, 96);
insert into BOOKING (Guest_id, Room_number, Booking_id) values (286, 130, 97);
insert into BOOKING (Guest_id, Room_number, Booking_id) values (287, 131, 98);
insert into BOOKING (Guest_id, Room_number, Booking_id) values (290, 132, 99);
insert into BOOKING (Guest_id, Room_number, Booking_id) values (293, 134, 100);
insert into BOOKING (Guest_id, Room_number, Booking_id) values (297, 135, 101);

insert into ARE_MANAGED_BY (Employee_id, Floor_number) values (1, 1);
insert into ARE_MANAGED_BY (Employee_id, Floor_number) values (1, 2);
insert into ARE_MANAGED_BY (Employee_id, Floor_number) values (2, 3);
insert into ARE_MANAGED_BY (Employee_id, Floor_number) values (3, 4);
insert into ARE_MANAGED_BY (Employee_id, Floor_number) values (4, 5);
insert into ARE_MANAGED_BY (Employee_id, Floor_number) values (5, 6);
insert into ARE_MANAGED_BY (Employee_id, Floor_number) values (6, 7);
insert into ARE_MANAGED_BY (Employee_id, Floor_number) values (7, 8);
insert into ARE_MANAGED_BY (Employee_id, Floor_number) values (8, 9);
insert into ARE_MANAGED_BY (Employee_id, Floor_number) values (9, 10);
insert into ARE_MANAGED_BY (Employee_id, Floor_number) values (10, 11);
insert into ARE_MANAGED_BY (Employee_id, Floor_number) values (1, 12);



